Name of the Stock,Trading Days,β10,α10,ShM10,Volatality10,mod_ShM10,mod_ShM_1000
CLX,25,-0.09355809752100595,0.0045195450817660885,0.13400050089722923,0.03372782229547278,0.00015243441337418464,0.15243441337418465
RSG,25,-0.038757383971257435,0.012890138484907575,0.4835508914824154,0.02665725306676708,0.0003436156836578548,0.3436156836578548
HON,25,0.2425503045387486,0.005968492218009368,0.26056729896221087,0.02290576078341648,0.00013671285498340543,0.13671285498340544
AEP,25,-0.02060233769876734,0.004501848404230051,0.1475244687871524,0.030515943837935766,0.00013737815307038497,0.13737815307038498
COF,25,1.0225466059454151,0.002318854795403188,0.048364184015786134,0.04794570284999145,0.00011117912297267898,0.11117912297267898
LLL,25,-0.3732499488256589,0.017730949076408622,0.5009862940561438,0.03539208414835711,0.0006275352417424887,0.6275352417424886
SLG,25,0.4602051280896311,0.004932884303809845,0.12170964710272368,0.04052993679002668,0.00019992948902592777,0.19992948902592778
FIS,25,0.33237051769487946,0.010135294493832981,0.36196533631944516,0.028000732326722805,0.00028379566817432483,0.28379566817432483
EBAY,25,0.6257581521381961,0.005987832030016709,0.13071321437179553,0.04580892650214503,0.0002742961573702253,0.2742961573702253
VAR,25,0.8003080391119985,-0.006690262901657815,-0.15785973381454318,0.04238106032484301,-0.0002835404356242191,-0.2835404356242191
IPGP,25,1.128299419927158,0.0014619225964658568,0.026861976153384183,0.05442349394244689,7.956293557308578e-05,0.07956293557308577
DHR,25,-0.03536566168373734,0.00995922635981174,0.39716218995112534,0.02507596798435752,0.00024973724134760866,0.24973724134760866
BMY,25,-0.3420412385121944,0.0005180066222574106,0.006955046062060542,0.07447925112719427,3.8580745304659345e-05,0.038580745304659346
PFG,25,0.672234876442862,0.013315936849045827,0.35377096320314627,0.037639993764551564,0.0005012117799672474,0.5012117799672473
IVZ,25,0.908801223067992,-0.001072394077775143,-0.02020859367037377,0.053066239802094475,-5.690792129356169e-05,-0.05690792129356169
HP,25,1.533062589106762,-0.005506094190445596,-0.074982747939338,0.07343148046401417,-0.0004043206479787277,-0.4043206479787277
FISV,25,0.05082359426565931,0.0057890029408111734,0.19253128188822977,0.03006785642331029,0.0001740629092584314,0.1740629092584314
DVA,25,-0.1406461029555337,0.0030844684123385426,0.0656781162432854,0.04696341169276278,0.00014485715990197737,0.14485715990197737
AOS,25,0.07295418190944675,0.013138399913172871,0.38377135079933455,0.03423496799802194,0.0004497927005726875,0.4497927005726875
GPS,25,0.062436143263733444,-0.004237841644195257,-0.04712457380708431,0.08992848744996343,-0.0003811026891149456,-0.3811026891149456
LB,25,1.0550730844557437,-0.0338911404650867,-0.5637158642123216,0.060120962734378045,-0.0020375679929270493,-2.037567992927049
CSX,25,0.6708317253991658,0.02016911678669124,0.32908929228524786,0.06128767255425942,0.0012361182253313497,1.2361182253313499
HBAN,25,1.1455667985625715,0.006352112355834383,0.13068351144411874,0.04860683865654004,0.0003087561004082563,0.3087561004082563
F,25,1.0306143363480107,-0.009506300831627821,-0.23812590717164353,0.03992132122262356,-0.00037950408913830776,-0.37950408913830774
APA,25,0.9682839272306236,0.001353211423126409,0.019429842919896658,0.06964603001194032,9.424580338756234e-05,0.09424580338756235
DISH,25,1.5413837937058354,-0.006402226720602632,-0.11700470286046677,0.054717687102180564,-0.0003503150384551544,-0.3503150384551544
MMM,25,-0.0009680480179849741,0.007754361102050894,0.3517228888230223,0.022046791233858783,0.0001709587803688712,0.1709587803688712
HCA,25,0.7142304382563137,4.875444194130801e-06,0.0001330460896703656,0.03664477630428809,1.7865956187796334e-07,0.00017865956187796333
SWKS,25,1.189025383141171,0.0023399442242227897,0.03642335655335554,0.06424295961837213,0.0001503249423059878,0.15032494230598778
NEM,25,-0.09784368295088197,0.015153165286123873,0.19605870423573937,0.07728891887352184,0.0011711717624762954,1.1711717624762954
MTD,25,-0.059174312118184406,0.016685885631164313,0.5748613380026326,0.02902593117348918,0.0004843233678988874,0.4843233678988874
BIIB,25,-0.2791334129399148,0.006153998232504244,0.0960789472582872,0.06405147441885024,0.0003941726603628952,0.3941726603628952
CF,25,1.8693763373249301,-0.023455095086865413,-0.3168861552437875,0.07401741823911774,-0.0017360855828827929,-1.7360855828827928
LKQ,25,1.14912378894006,-0.008604881245665122,-0.250876252111395,0.03429930562676116,-0.0002951414517270533,-0.2951414517270533
OMC,25,0.32620425808354503,0.0010861601880256763,0.04029645051615028,0.0269542397435317,2.9276622107923548e-05,0.029276622107923547
PWR,25,0.7379161951600645,0.015882034463669988,0.36341270051967994,0.043702475012454674,0.0006940842142954816,0.6940842142954816
ROP,25,0.12959863636569918,0.007061291660990531,0.23707727826211902,0.02978476770423936,0.0002103189318144855,0.2103189318144855
MA,25,0.6737968104137243,0.001986083660890871,0.07775689456033553,0.02554221940216205,5.0728984617523845e-05,0.05072898461752384
SCHW,25,1.0837214079442334,0.007216821228750916,0.12623097074176004,0.057171557711576955,0.0004125969113736667,0.41259691137366666
ECL,25,0.3941482887418757,0.001735546129838777,0.08815124640063221,0.019688276691528776,3.416991241517777e-05,0.03416991241517777
ETFC,25,1.0848159334046203,0.0045384843130075216,0.08752299960167587,0.05185476199013431,0.00023534202384696323,0.23534202384696323
MSI,25,0.1795419467668858,0.0011931349987211416,0.030566365535625386,0.03903424492292129,4.657312376619042e-05,0.046573123766190425
PVH,25,0.7331892797196343,-0.0031446375684893845,-0.05030223787954745,0.06251486417004865,-0.00019658659045814592,-0.19658659045814592
GPC,25,-0.14063259610623213,0.004305208250143099,0.12413694009732323,0.03468112108102407,0.0001493094486022366,0.1493094486022366
ADI,25,0.9216664349470531,0.007357219238988992,0.19910764338778328,0.03695096337743311,0.0002718563386596285,0.2718563386596285
ISRG,25,0.5391074397132053,0.0041863513669955915,0.1333157226148997,0.03140178281213257,0.00013145889640166987,0.13145889640166986
EIX,25,0.0148956957355116,0.006785438293583755,0.22992738338349397,0.029511223038042315,0.00020024658289282345,0.20024658289282346
IT,25,-0.6565224444509651,0.016131672646412885,0.3588718964563448,0.04495106138347401,0.0007251358073470142,0.7251358073470142
ABBV,25,0.09409737525371434,0.004448013941952275,0.12015477831847932,0.037019034983048926,0.00016466118372222062,0.16466118372222063
CE,25,1.0524455715415313,0.0040928306576742506,0.08963342440851928,0.045661879869952224,0.00018688634181877919,0.1868863418187792
JKHY,25,0.027197015975185614,0.005007528337210401,0.19044623178055387,0.02629365931997249,0.0001316662441337186,0.1316662441337186
MAC,25,0.4310140918811851,-0.010089062138729885,-0.29281310272275934,0.0344556375548617,-0.00034762506832055473,-0.34762506832055473
COG,25,0.49579557772177785,-0.0017926336812883856,-0.039808211940460435,0.04503175585905633,-8.072544228049998e-05,-0.08072544228049998
APH,25,0.5531065879472906,0.00518763258587843,0.21915001308604742,0.02367160518416921,0.00012279959041344496,0.12279959041344496
VRSK,25,0.34692530367039726,0.0005193984709394401,0.023081182685050827,0.022503113381440502,1.168808268169705e-05,0.01168808268169705
TSS,25,0.46174667275671044,0.0032899242347232405,0.08349743174018329,0.039401502131950705,0.00012962795674840405,0.12962795674840405
KO,25,0.31472074870335165,-0.003729690718575382,-0.18149382378721018,0.020549959446268563,-7.664499301384835e-05,-0.07664499301384835
SWK,25,0.06920745636668785,0.011416720377020117,0.3652885571462265,0.0312539775847672,0.0003568179227549417,0.3568179227549417
CBRE,25,1.3958530013508235,-0.003634833801052695,-0.06295740499117747,0.05773480977435557,-0.00020985643806517516,-0.20985643806517515
ABMD,25,0.4920504707601709,0.009200742614745454,0.14920012500044613,0.06166712403704717,0.0005673833360564536,0.5673833360564535
GRMN,25,0.5992373074657492,0.005294767232590834,0.09530635100044399,0.055555240306767895,0.0002941520659749842,0.2941520659749842
PNC,25,0.38917822814402114,0.013386859858799035,0.3409357365528715,0.03926505327411763,0.0005256357655288909,0.5256357655288909
RMD,25,0.6222060446143044,0.002300388920295297,0.06111098597217733,0.03764280486887612,8.659309124920049e-05,0.08659309124920049
BF.B,25,0.4307289555764277,-0.005857920333510503,-0.23076856623223407,0.02538439454364587,-0.0001486997609510762,-0.1486997609510762
NFX,25,1.4034916856718078,-0.0011334210311365316,-0.017956626492287915,0.06311993133138442,-7.15414576548848e-05,-0.0715414576548848
GIS,25,-0.07606105147366927,0.003223499297816492,0.10190027624345505,0.03163386220970656,0.00010197173262021276,0.10197173262021277
ROL,25,0.37756689236155033,0.007744970181398124,0.2788498758041616,0.02777469474950556,0.0002151141826323556,0.2151141826323556
XEL,25,0.017632381345730076,0.004696874510526683,0.15969420326925768,0.029411678159709794,0.00013814296146015526,0.13814296146015526
HAS,25,0.7844556560721472,0.001527045513969259,0.03688181563019304,0.04140375108646099,6.322541235808009e-05,0.06322541235808009
CDNS,25,0.49130837052205517,0.008476033870235948,0.2356725481505492,0.035965299890683075,0.000304843100026623,0.304843100026623
EMN,25,0.5680888548351217,0.00282990274396153,0.056870881805895813,0.04976013478426764,0.00014081634196589458,0.14081634196589457
MDT,25,0.10500385560196276,0.0013747975315707797,0.04280306618625774,0.03211913664288306,4.4157309772820206e-05,0.0441573097728202
KR,25,-0.5695591162058338,-5.787598673596527e-05,-0.0015092809883722105,0.038346727469472514,-2.2193546903908664e-06,-0.002219354690390866
RL,25,1.4076459877515708,-0.02104893451695597,-0.3064624298360077,0.06868357249604641,-0.001445716019859879,-1.445716019859879
GOOGL,25,0.7742353034336596,-0.0024598520372825193,-0.11576953143694721,0.021247836168554027,-5.2266533087062826e-05,-0.052266533087062826
PEG,25,-0.011048511094159068,0.003206552575118967,0.12606481851892737,0.025435744982550666,8.156105357386717e-05,0.08156105357386717
MAT,25,1.3155748322122998,-0.022684192985661374,-0.5017475639913237,0.045210369942231814,-0.0010255607567227307,-1.0255607567227307
EXPD,25,0.4264007846797617,0.003543678747185545,0.18134549056135765,0.01954103593210967,6.924715373060611e-05,0.06924715373060611
DISCK,25,1.0668540933581685,-0.006177910569394305,-0.12940976572423624,0.04773913726541341,-0.00029492812068576305,-0.2949281206857631
AIV,25,-0.3782117001221417,0.01484355304120092,0.4048842333961983,0.03666122762225667,0.0005441828767665071,0.5441828767665071
XLNX,25,0.4660976029988455,0.002542915460956992,0.07000712667093509,0.03632366563064123,9.236801093078969e-05,0.09236801093078968
ESS,25,-0.5019456436965222,0.010809624808877302,0.3279610957231684,0.0329600826129746,0.0003562861267158557,0.3562861267158557
RTN,25,-0.24829753886088696,0.011175441439722742,0.5003397458605222,0.022335705952167304,0.0002496113738833124,0.2496113738833124
NWS,25,0.8444693135504878,-0.002888932562653916,-0.06513853496506129,0.04435059161529298,-0.00012812586829038562,-0.1281258682903856
OKE,25,0.7339010075935182,0.028336483243253996,0.47499604383995886,0.059656251058801346,0.0016904483584830779,1.6904483584830778
SIVB,25,1.065779648431616,0.01740498207687964,0.2816517751414718,0.06179610289385619,0.001075560063288577,1.075560063288577
RF,25,0.9654431885956943,0.017222459123998585,0.2932519897257112,0.05872921489844741,0.0010114615029730393,1.0114615029730392
CNP,25,0.35652879028740014,0.012521091747823097,0.47043624444224197,0.026615916387710173,0.0003332603310429074,0.33326033104290737
ALL,25,-0.2529274319599623,0.012473426338155989,0.713386717696728,0.0174848031631823,0.00021809540429311127,0.21809540429311128
USB,25,0.5037422758876509,0.00895471859655889,0.2838038599063263,0.031552490510574904,0.000282543673542793,0.282543673542793
FBHS,25,0.3764504485925506,4.710618017922472e-05,0.001428664369950219,0.032972180989483284,1.5531934985926077e-06,0.0015531934985926078
IP,25,1.1650872475818164,0.003935562189606745,0.09280692257951843,0.04240591197531298,0.00016689110378583364,0.16689110378583363
ZBH,25,1.4814840173985173,-0.009581529621638465,-0.23426604665927897,0.04090020623250635,-0.00039188653754788173,-0.3918865375478817
ANSS,25,0.7024798346850213,0.0005145860811448313,0.016276085198303945,0.03161608426567182,1.6269196903416826e-05,0.016269196903416827
DISCA,25,0.977999458402181,-0.004724907330356819,-0.0979777668293037,0.04822428070430024,-0.00022785525740093307,-0.22785525740093307
JEF,25,0.303879430805642,0.019104373537521042,0.49455359223819106,0.038629531434724335,0.0007379929981083848,0.7379929981083848
DGX,25,0.20790542249483596,0.012515185878550158,0.5026241419784653,0.024899691107727107,0.00031162426253168724,0.31162426253168724
INTU,25,0.3690380718508658,0.005491168439252263,0.23166712616159252,0.02370283833633807,0.00013015627779319823,0.13015627779319822
M,25,0.023964074110824407,-0.0103554944549153,-0.11538689899065398,0.0897458424266525,-0.0009293625736009022,-0.9293625736009022
BR,25,0.48404633180267453,0.003166631928775804,0.1287797143787914,0.024589524398706954,7.78659730743571e-05,0.0778659730743571
ROST,25,0.1465303995227577,0.006025873252810489,0.17666876677611593,0.03410831106579691,0.00020553235934992563,0.20553235934992561
RCL,25,-0.26858274607339855,0.013350340332253333,0.21994530932088152,0.06069845441794042,0.0008103450241212705,0.8103450241212705
LRCX,25,0.8444041847719596,0.009600058648968117,0.2475123228114541,0.03878618462273934,0.000372349647148003,0.372349647148003
SNPS,25,0.3210842395673195,0.014504215452218763,0.5232883166304251,0.027717445605540694,0.0004020198028479164,0.4020198028479164
HOLX,25,0.3043787224407746,0.002057573806866485,0.05398037495537465,0.03811707140914587,7.842868772591794e-05,0.07842868772591793
CTAS,25,0.5455530144178156,0.007586528035276843,0.2366915966470818,0.03205237593030694,0.00024316624859250624,0.24316624859250624
HII,25,-0.5605450822782826,0.025893488660110667,0.8180079040132688,0.0316543257504889,0.0008196409248637333,0.8196409248637333
AAP,25,0.29882799803985116,-0.0013716053103050786,-0.029652705605692397,0.04625565466247954,-6.34445015666948e-05,-0.0634445015666948
PHM,25,0.8813748278613586,-0.0006902339488729838,-0.0180633254154077,0.03821189803092549,-2.63751492718175e-05,-0.0263751492718175
GT,25,1.0314521301732436,-0.0049837011047069255,-0.10201420569828513,0.04885301091738738,-0.00024346880447724295,-0.24346880447724295
EXPE,25,1.4001007628646813,-0.010655426109587977,-0.28282823783642574,0.037674548309248254,-0.00040143836572129743,-0.40143836572129743
FB,25,0.7666165613874908,0.0002687876146661803,0.009665389655998162,0.02780928904396272,7.474792467689081e-06,0.00747479246768908
VMC,25,-0.2517285928393989,0.009738486343047248,0.16744402098825859,0.05815965410750692,0.0005663869972423079,0.5663869972423079
XRX,25,1.316546756822884,-0.007080082382651405,-0.12773925841898,0.05542604889272958,-0.00039242099230539013,-0.3924209923053901
XYL,25,0.10249789797477889,0.00860894532999389,0.22640108527141123,0.03802519462163101,0.00032735682165999905,0.327356821659999
MAA,25,-0.33740707219694527,0.009302313727325012,0.2624381790339025,0.03544573339736256,0.0003297273323573884,0.3297273323573884
EQIX,25,0.4478972050026978,0.003502597859430306,0.12819651470811294,0.027322098946334642,9.569832528457474e-05,0.09569832528457474
NWL,25,0.4839640286474775,0.0026954464396119256,0.07490475869248171,0.035984982618767467,9.69955932792538e-05,0.09699559327925379
FITB,25,1.067471165418246,0.01128248272015133,0.2242093176480683,0.05032120359003526,0.00056774810996179,0.5677481099617899
AAPL,25,0.4114348282403101,0.009817428723155743,0.22288306996850843,0.044047440321702616,0.00043243260579577174,0.43243260579577175
BBT,25,0.6501936335054551,0.007607246115892748,0.21957957741637507,0.03464459766887884,0.0002635499810532455,0.2635499810532455
ADM,25,0.5111783814995857,0.005676121035419066,0.1517597433271833,0.03740202052913169,0.00021229839549258015,0.21229839549258014
MXIM,25,0.9786669728217887,-2.0085059958378088e-05,-0.0006966141097741842,0.028832404736804568,-5.791005778829441e-07,-0.0005791005778829441
PPG,25,0.8724389444734024,-0.007611737382990222,-0.2154329147353419,0.0353322861195152,-0.0002689400830824204,-0.2689400830824204
PAYX,25,0.02816793419787782,0.00718561020426079,0.2206835886286331,0.032560691299762905,0.00023396843566136187,0.23396843566136186
UAA,25,1.0826446391457556,-0.0387970257349569,-0.4192620173657828,0.09253646676299955,-0.0035901396824260775,-3.5901396824260776
VRTX,25,-0.2371629424978444,0.002132057107155602,0.026387041026010687,0.08079940092767332,0.00017226893700176082,0.17226893700176082
HPQ,25,0.8120898731623614,0.01232185385641837,0.20528373927207574,0.06002352597488213,0.0007396011150094295,0.7396011150094295
PNR,25,0.6573218810040952,0.0008199004444995077,0.016078767099715716,0.05099274337483277,4.180897295927471e-05,0.04180897295927471
FLIR,25,0.5778112890893643,-0.00025773027520951085,-0.006267989895119626,0.041118489264027766,-1.0597479554217194e-05,-0.010597479554217193
LYB,25,1.1863084961942383,-0.0063553357519153175,-0.1461536508437353,0.0434839343063029,-0.00027635500233078383,-0.2763550023307838
CHRW,25,-0.43020495995890307,0.01076036902412335,0.35046254891268497,0.030703334942656632,0.0003303792142542465,0.3303792142542465
MDLZ,25,0.5406054338720282,-0.001581520281467171,-0.04313010536035876,0.03666859304546841,-5.799212359427436e-05,-0.05799212359427436
FE,25,0.5603999327952025,-0.006427807539788228,-0.16884536384918847,0.03806919771590236,-0.00024470147611196593,-0.24470147611196594
NVDA,25,1.087596867840072,0.034138483845909964,0.3668410662666697,0.09306069299529704,0.0031769509645091345,3.1769509645091345
AON,25,0.07754314511443551,0.007331038895125597,0.4412556080566184,0.016614041297770738,0.00012179818295918022,0.12179818295918023
CCL,25,0.21274629657172908,0.004482043581955445,0.11682222707678563,0.03836635967408377,0.00017195969614022138,0.17195969614022139
CME,25,-0.5273368590941616,0.01902694089690945,0.4384575357333717,0.04339517363998467,0.0008256774040591112,0.8256774040591112
GOOG,25,0.7182962080278059,-0.0016423545791049415,-0.08495163230045011,0.01933281956603722,-3.175134474129084e-05,-0.03175134474129084
SPG,25,0.2643006516572852,-0.0028123765785802324,-0.07888440132244443,0.03565187199791864,-0.00010026648978948682,-0.10026648978948682
AMZN,25,1.0070779959332292,0.0055884921619524,0.193256015813326,0.028917558599317064,0.00016160554957508262,0.16160554957508264
AVB,25,-0.29119127136948514,0.007104724972358394,0.20963374266590595,0.0338911326106562,0.00024078717620043902,0.24078717620043902
WDC,25,2.469452794145607,-0.005612569734449464,-0.07517274938201789,0.07466229159621572,-0.00041904731811756097,-0.41904731811756096
BKNG,25,0.8152465861544046,0.0013079070306666538,0.03912352670943404,0.03343019253811983,4.3723583857146835e-05,0.043723583857146836
KSS,25,-0.051309315068792924,-0.0030349264212534174,-0.03586230030381778,0.08462721006578401,-0.00025683735578561104,-0.256837355785611
LOW,25,0.15282472103536018,0.0026594165894070097,0.08236871594273797,0.03228673118148174,8.586386852175712e-05,0.08586386852175712
PKI,25,0.5374912451748534,-0.0003858134398562049,-0.015551093411987222,0.024809409192977323,-9.571803501542733e-06,-0.009571803501542733
LNT,25,0.06204443829257808,0.006126233846346078,0.18248909083984635,0.03357041134980777,0.00020566019024695288,0.2056601902469529
MKC,25,-0.06087453453002458,0.0036513239332405557,0.12482959569045163,0.02925046671059474,0.00010680292915885072,0.10680292915885072
BAX,25,-0.027200127424393226,0.010580136359635025,0.3841322345075045,0.027542953725817377,0.00029140820616626543,0.29140820616626545
CPB,25,-0.1935245700940714,0.0011605663533764531,0.026291071834547357,0.044142983621209,5.1230861528423026e-05,0.05123086152842302
EOG,25,0.7402537773240319,0.006546779581805981,0.1614095346724277,0.04056005486350191,0.00026553773901730464,0.26553773901730465
BA,25,0.48873068608714915,0.01183065473765435,0.37626284468495536,0.031442527224712156,0.00037198568367486674,0.37198568367486673
HRL,25,0.229477664718105,-0.009847641994624476,-0.2179549325413188,0.04518201024313872,-0.0004449362614718861,-0.4449362614718861
PLD,25,1.1924793908055193,-0.0014985368869936504,-0.0489117159570035,0.030637585651481936,-4.591155222717307e-05,-0.045911552227173066
WBA,25,0.3736728991197222,7.060047250795863e-06,0.00023831743880990927,0.029624551547934416,2.091507337120547e-07,0.0002091507337120547
DIS,25,0.3207384132479339,0.002552758914776697,0.09108445521704751,0.028026285151441722,7.154434926841663e-05,0.07154434926841663
T,25,-0.18073499221408088,0.009448548334106525,0.300914249880703,0.03139947123757811,0.0002966794216536444,0.2966794216536444
APTV,25,1.1597629959910463,-0.007425628867199238,-0.15502214788659646,0.04790043854011955,-0.00035569087917501467,-0.3556908791750147
TEL,25,0.7675667568126161,0.0021962508992298367,0.047286423818714306,0.046445696710958245,0.00010200640316679831,0.1020064031667983
AVY,25,0.36770991411446324,0.004420053377553147,0.14726804520401668,0.030013662308275086,0.00013266198945843086,0.13266198945843086
CHTR,25,-0.4524833651309329,0.02848652685574918,0.8555250958355535,0.03329712593401793,0.0009485194721386643,0.9485194721386643
DAL,25,0.5309387466865154,-0.0032626716000988855,-0.060402823302040054,0.05401521686799517,-0.0001762339140483901,-0.1762339140483901
FFIV,25,1.218638216575812,0.0018323293224804457,0.03935182166388461,0.04656275732622762,8.531830558438806e-05,0.08531830558438806
FOX,25,0.7587842531010813,-0.004784066549349998,-0.14750852671164982,0.032432474623666385,-0.000155159116959725,-0.155159116959725
MGM,25,0.3704697172908649,0.008847588707773225,0.20118483017288927,0.043977414699557626,0.0003890940776928663,0.3890940776928663
EL,25,0.709061466323932,-0.01123437183155961,-0.4666490747465744,0.02407456146283097,-0.00027046257515517876,-0.27046257515517874
CMS,25,0.07713839716130132,0.004797763707382094,0.16662128161934797,0.028794423261866087,0.00013814883890077984,0.13814883890077984
AIZ,25,0.06631715052759833,0.012429616548826706,0.269469192624434,0.04612629899459482,0.0005733322093193444,0.5733322093193444
PCAR,25,0.6617153247973778,0.0038473928710833034,0.09593576426669416,0.04010384344661958,0.00015429524137956503,0.15429524137956502
SRE,25,0.34186397141158265,0.003445875395702561,0.1192597932166878,0.028893856871289512,9.956463047972791e-05,0.09956463047972791
TRIP,25,1.7672005745798143,-0.03472600609026761,-0.6636506312050088,0.05232573353725987,-0.0018170637414926063,-1.8170637414926063
HOG,25,0.7923347063117888,0.00337530810343239,0.07544736695260794,0.04473725511922213,0.0001510020197292326,0.1510020197292326
CMI,25,0.654112057767026,0.010663158483107065,0.28904106780968764,0.03689149975784055,0.0003933799085973597,0.3933799085973597
ETN,25,0.2286119007537955,0.00808824410486501,0.210243406383959,0.03847085739323391,0.00031116168551992664,0.3111616855199266
ITW,25,0.385661714736272,0.00914764944694602,0.318769836646179,0.028696722196772724,0.00026250755493247154,0.2625075549324715
FANG,25,0.48267506240927793,0.007649732111716924,0.17366003984914563,0.04405004236070696,0.00033697102356919085,0.33697102356919084
MYL,25,0.7698960767121654,-0.013135769622310273,-0.23104226201118463,0.05685440190883509,-0.0007468263254886952,-0.7468263254886952
REGN,25,-0.5575649121351282,0.0028685937784664176,0.04327229562793137,0.0662916939542907,0.00019016394084127812,0.19016394084127813
COTY,25,1.445131262911598,-0.033082322447750646,-0.6557141346436052,0.050452355226003484,-0.0016690810838351047,-1.6690810838351047
AJG,25,-0.14881941710247906,0.016735450106194167,0.6963262565494632,0.024033920807645676,0.00040221848253257605,0.402218482532576
BRK.B,25,-0.08141381214256632,0.011113208283786516,0.4143029403503655,0.026823870171880405,0.00029809925619735534,0.29809925619735533
KSU,25,1.4670036422693982,-0.015201521965674022,-0.38024107430354537,0.03997864247968827,-0.0006077362118128098,-0.6077362118128098
JCI,25,0.5015518367081037,0.004132621377465101,0.08528426326017606,0.04845702148892046,0.0002002545228933985,0.2002545228933985
VZ,25,0.14611283201053601,-0.0005283938526063896,-0.01531712526031955,0.034496933571160605,-1.8227967632772252e-05,-0.018227967632772252
AME,25,0.44011866522834725,0.0014525801384798545,0.03717821460182861,0.03907073413924533,5.675337240649457e-05,0.05675337240649457
MSCI,25,0.20528912911099362,0.00897406756275639,0.25309153788692396,0.03545779379935578,0.0003182006371817034,0.3182006371817034
AGN,25,0.4657552482389419,-0.012854972438001485,-0.1844623178500928,0.06968888056827059,-0.0008958486389402957,-0.8958486389402958
PBCT,25,0.5296658697000294,0.004164644381544225,0.10675971670515837,0.03900951135947516,0.00016246074231002387,0.1624607423100239
REG,25,0.10732750017254457,8.201891044122577e-05,0.002513617642476277,0.03262982764571356,2.6762629113864134e-06,0.0026762629113864134
CHD,25,0.39567722890909074,-0.0007735528592025306,-0.025073930826933287,0.030850881121982473,-2.3864787300826916e-05,-0.023864787300826917
MO,25,0.19288936303137785,0.00685895827736525,0.2556987162105914,0.026824375104473604,0.00018398726965797955,0.18398726965797954
HBI,25,1.0318732340432863,-0.022990980488119664,-0.45081718436082435,0.050998456327073324,-0.0011725045143399656,-1.1725045143399655
MCHP,25,1.1159938946021792,0.007457265489639285,0.2015427858680131,0.037000905080884015,0.00027592557254509526,0.27592557254509525
WMB,25,1.059485229094652,0.014714656669762887,0.2247422622587804,0.06547347402252111,0.0009634196912180374,0.9634196912180374
EW,25,-0.3357684756113579,0.007238368151992459,0.09783076878139726,0.07398866677789871,0.0005355572092135245,0.5355572092135246
ALK,25,0.25133256069142823,0.007785581227129741,0.1476013399625998,0.052747361433863015,0.00041066886696011117,0.4106688669601112
EA,25,0.7422339628939427,0.0033258367877215186,0.09823935008699941,0.03385442579553105,0.0001125942947379655,0.1125942947379655
DLTR,25,0.8088179073216651,-0.01131781271941423,-0.17893378782508015,0.06325140073868081,-0.0007158675078010083,-0.7158675078010083
NKTR,25,0.26799730745287975,0.0032489612320895666,0.031740073553844804,0.10236149032792669,0.00033256851373434493,0.33256851373434493
PM,25,0.04932638821888818,0.007225347993356449,0.2526335114574621,0.028600117029893866,0.00020664579819170326,0.20664579819170326
AMP,25,0.19735270545410305,0.015415584829312011,0.2449957695754,0.06292184087924711,0.0009699769756905061,0.9699769756905061
STX,25,1.756704295156814,-0.0014127771292983295,-0.012607617674608988,0.11205742161293333,-0.00015831216242289254,-0.15831216242289253
ADS,25,0.9193933776461567,-0.005312033262625239,-0.11107454257735043,0.0478240390585091,-0.00025404288623188893,-0.2540428862318889
NTRS,25,0.3447605496178328,0.011893700958922572,0.24307673577013786,0.048929820129597616,0.0005819566485953041,0.581956648595304
WYNN,25,1.6346341918207423,-0.012581748509044591,-0.1660600573277593,0.07576625415834644,-0.0009532719552926689,-0.9532719552926688
MNST,25,0.2561114672568038,-0.0026451019378559756,-0.0531456713373248,0.04977078793618119,-0.0001316488076186117,-0.1316488076186117
MPC,25,0.4675750558756588,0.011398906070678491,0.20514057001933275,0.05556631762115237,0.0006333952352570029,0.6333952352570029
DOV,25,1.1530515965236652,-0.0015691111489757898,-0.040419347248500284,0.03882079389676462,-6.091414051550466e-05,-0.06091414051550466
LLY,25,-0.6154403899214299,0.012701768627622128,0.2797503032706091,0.04540394944750214,0.0005767104606624237,0.5767104606624237
FLS,25,1.5290425184221308,-0.012871569401331353,-0.2695187835388023,0.04775759682619021,-0.0006147152219891093,-0.6147152219891093
TXN,25,0.9719535525913173,0.0046490749291851485,0.19421778671861714,0.023937431312203817,0.00011128691178265832,0.11128691178265832
MCD,25,0.00942862003875615,0.0044621314289901995,0.15434920117627035,0.02890932635209652,0.00012899721370662447,0.12899721370662448
ABT,25,0.4532547075274141,0.0013494301815457424,0.028554252069749892,0.04725846708397297,6.377200181669915e-05,0.06377200181669915
LH,25,0.33340597612702266,0.005525426558265685,0.18040607639117912,0.030627718693270405,0.0001692312102868867,0.1692312102868867
SYY,25,-0.6892474144594918,0.01696022308088419,0.5374577933908128,0.03155638133718819,0.0005352032671041623,0.5352032671041623
TWTR,25,1.4605227979771727,-0.021255085027030277,-0.20464850566261653,0.10386142306883689,-0.002207583378356492,-2.207583378356492
AMGN,25,0.4923432982138458,0.001973537485368243,0.04646315997955054,0.04247531778374179,8.382663184914278e-05,0.08382663184914278
HD,25,-0.01793460497867856,0.006504965655711238,0.25979946115299807,0.02503841088369467,0.00016287400287202028,0.16287400287202028
VNO,25,0.4969882930891391,0.005118731914013023,0.16948898832261086,0.03020097036787937,0.00015459067085622576,0.15459067085622577
MCO,25,1.2675826690729917,-0.004139093404697893,-0.11873382392107035,0.03486027206071795,-0.0001442899221724919,-0.1442899221724919
VRSN,25,0.6369654854555671,-0.008960636279408938,-0.24840739845878929,0.03607234057843694,-0.0003232311236703372,-0.3232311236703372
KMX,25,0.9887070137590787,0.0021123296089362188,0.04436178920466754,0.047615969662332044,0.00010058062257595271,0.10058062257595271
NDAQ,25,0.0535675916594756,0.004619161820563016,0.16919921599359714,0.027300137257951686,0.00012610375171806033,0.12610375171806032
VTR,25,0.993401031555305,-0.004045719853760739,-0.09484758851784754,0.04265495746367292,-0.00017257000827210133,-0.17257000827210134
SEE,25,0.45578719914210664,-0.00332573346712561,-0.09254937749110384,0.03593469299612837,-0.00011950921112810837,-0.11950921112810838
UPS,25,0.20259559348552864,0.0018712476324273348,0.06230046612211508,0.030035852841927446,5.620451851839257e-05,0.05620451851839257
BSX,25,-0.2198556332840978,0.01661638830307417,0.42135838656009317,0.03943528557418277,0.0006552720179432401,0.6552720179432402
HST,25,0.1513714195526179,0.006664794006499874,0.12429425728346925,0.05362109362220929,0.0003573735433952691,0.3573735433952691
NRG,25,1.4037579006956344,0.0014990633369056199,0.016244113470687032,0.09228348100440954,0.00013833878297573655,0.13833878297573654
D,25,0.09609724125160789,0.0037950923547744675,0.14485126807912382,0.02619992496511269,9.943113493076389e-05,0.09943113493076389
UNH,25,0.2763699804464584,0.00923176098036605,0.35158546288112624,0.02625751618031881,0.0002424031133147974,0.2424031133147974
GILD,25,0.49200156757903646,-0.014287829555312059,-0.2726843535085521,0.05239695410270012,-0.0007486387494368882,-0.7486387494368882
CNC,25,1.7919102526165747,-0.012479821397600475,-0.27632341099570024,0.04516382217717582,-0.0005636364344041417,-0.5636364344041417
ADBE,25,0.5197268004292734,0.006694479748929137,0.24784633054340938,0.027010606670073833,0.00018082195935909955,0.18082195935909956
JBHT,25,0.004775408661507815,0.009183148618941414,0.3026635491808562,0.030341111917160647,0.0002786269399992207,0.27862693999922067
GM,25,1.0900579850906025,-0.0014460698935674903,-0.033213014049150696,0.04353925516749265,-6.29608060860639e-05,-0.0629608060860639
UTX,25,-0.023647777244701636,0.005771357676791445,0.22322656271749003,0.0258542603825134,0.00014921418413638363,0.14921418413638363
LIN,25,0.5880688517599967,-0.0003239616166555038,-0.010815134040785358,0.029954470784532117,-9.704098781417081e-06,-0.009704098781417082
MLM,25,-0.7353264645194527,0.02402826069376672,0.3418426846751923,0.07029040482933717,0.0016889561715097128,1.6889561715097128
CL,25,0.40994632807560755,0.0008182700617677414,0.02727408573144257,0.030001741206833913,2.4549526630455778e-05,0.024549526630455776
PH,25,0.15829942495478685,0.015311983992508054,0.4149750279242183,0.03689856729235353,0.0005649902717269986,0.5649902717269986
STI,25,0.5049132632325856,0.016164130100625708,0.3643890260544594,0.044359541437479826,0.000717033398999521,0.717033398999521
XOM,25,-0.12442993225089745,0.002832077044149926,0.112376839038801,0.025201607985895373,7.137289545251974e-05,0.07137289545251975
PRGO,25,-0.014024918238111715,-0.016850842572735582,-0.24933937117351884,0.06758195664578315,-0.0011388129121955332,-1.1388129121955333
ALXN,25,0.8492259092166284,-0.012615503007967415,-0.19235985697841929,0.06558282588753817,-0.000827360337255241,-0.8273603372552409
WM,25,-0.10268762403952235,0.012756031973630604,0.41269512498146593,0.030909092939257463,0.00039427737780908817,0.39427737780908817
TSCO,25,0.25073298083412854,-0.009470002094990583,-0.16141793408362293,0.05866759569655145,-0.0005555822541544028,-0.5555822541544028
SBUX,25,0.35365740107445054,-0.0038890822722810556,-0.1359691802875774,0.02860267498896127,-0.000111238156239386,-0.111238156239386
CTL,25,1.656574662317626,-0.026986572742991877,-0.549065817813282,0.04914997777583208,-0.0013263894505639265,-1.3263894505639264
DLR,25,0.33529706038926566,0.009366329605413053,0.21328926421143782,0.043913741462992845,0.0004113105767492846,0.41131057674928456
PRU,25,0.1933949914333201,0.01921252578411211,0.40697009269764417,0.047208692060784756,0.0009069982134520358,0.9069982134520358
AEE,25,0.06283780414789954,0.006725384545524458,0.23042048671691484,0.029187441799769263,0.00019629677000356278,0.19629677000356277
EMR,25,0.30419110275603334,0.006102112490159112,0.13625330489864712,0.044785060404209695,0.00027328347646505825,0.27328347646505824
CBS,25,0.061975700809688936,0.011965502654411722,0.3522998819780215,0.033963970090566765,0.00040639597427303696,0.406395974273037
FLT,25,2.1289269601950607,-0.013453523590193006,-0.3513244056755492,0.03829373471599192,-0.0005151856633581901,-0.5151856633581902
CMA,25,1.153905099593405,0.016401924543499903,0.30079414863585746,0.054528735408866394,0.0008943762036286979,0.8943762036286979
LUV,25,-0.015298417612938736,0.012772371689320447,0.21123623103091826,0.06046487208650764,0.0007722798204360923,0.7722798204360923
CMCSA,25,-0.03791939276905597,0.011600319680346027,0.4547738607582364,0.025507885745686923,0.00029589962901970993,0.29589962901970995
NKE,25,0.1797512012220043,-0.005065786700079483,-0.1543978429351333,0.03280995772854001,-0.00016620824749140803,-0.16620824749140803
TAP,25,0.3991297616182274,0.0025309124417997615,0.08246302555948534,0.030691481723212646,7.767745295054886e-05,0.07767745295054886
FLR,25,1.408321694538281,-0.008791231457382271,-0.24338637468953514,0.03612047497973709,-0.00031754345589745395,-0.317543455897454
URI,25,0.678713499849463,0.026326869883020486,0.38921907673631373,0.06764023516980974,0.0017807556701724871,1.7807556701724871
MET,25,0.6184486828320409,0.005864422036532121,0.09769329297187182,0.06002891148546528,0.00035203487134439874,0.35203487134439876
IPG,25,0.6197673332698808,-0.000810883782824943,-0.02318917628434332,0.03496820123673082,-2.8355147297424138e-05,-0.028355147297424138
EFX,25,0.4205075158358857,0.0034050621612676385,0.12169394979668989,0.02798053779137225,9.527547048532083e-05,0.09527547048532083
COST,25,0.6580016305807925,-0.0006474155867540335,-0.02105001133524318,0.030756068319549638,-1.991195801734837e-05,-0.01991195801734837
NUE,25,0.03839132475972568,0.017600269062014274,0.2680649439590101,0.06565673527496209,0.0011555762065727764,1.1555762065727764
VLO,25,0.37454208810583123,0.002027030140952242,0.038367237923401465,0.052832318682911716,0.00010709270238665631,0.1070927023866563
ALB,25,0.9711710270157751,0.009144652900709618,0.2391272667981565,0.03824178239125057,0.0003497078262724555,0.3497078262724555
PSA,25,-0.500324355460323,0.002510583544691265,0.06108324658041466,0.04110101681295117,0.00010318753648067423,0.10318753648067423
FRT,25,0.21775145228518764,-0.0031406534672926093,-0.10670688740346918,0.029432528149916804,-9.243737158522354e-05,-0.09243737158522354
ULTA,25,0.6854048102424026,0.012573835657377613,0.21474431165440824,0.058552590103587494,0.000736230645276304,0.736230645276304
AES,25,0.5727380422466225,0.0019857978123695216,0.05459520684812527,0.03637311637803074,7.222965493255547e-05,0.07222965493255547
SPGI,25,0.6716790985909968,0.008052774339465588,0.23597520928263999,0.03412550989549226,0.0002748050304075991,0.2748050304075991
MCK,25,1.284367178338109,-0.016577210003610725,-0.40672024810784596,0.04075826094405585,-0.0006756582510515789,-0.675658251051579
CTSH,25,0.13628116332757337,-0.0001114534755775659,-0.0033088087762934864,0.03368386725038115,-3.7541840759483274e-06,-0.0037541840759483273
HAL,25,0.7273292842161188,0.01167188704692121,0.2541999524084244,0.04591616535068397,0.0005359282956009407,0.5359282956009407
WELL,25,0.7834562900705493,-0.003782868282751495,-0.09358281485165985,0.040422681116696495,-0.00015291367830012895,-0.15291367830012895
UNM,25,0.40559855276290074,0.01701297631590916,0.3789166794703452,0.044898990299635594,0.0007638654585759354,0.7638654585759355
NCLH,25,0.010411931295953525,0.0007099513811378626,0.014114841804592361,0.050298217363433366,3.570928888594194e-05,0.035709288885941944
PEP,25,0.2603089686482571,0.0024827169740614017,0.11373297597276516,0.021829350307829107,5.419609854197981e-05,0.054196098541979806
DG,25,0.0020094778066385346,0.00042216129226830255,0.006620777040555858,0.06376310358774132,2.691831420963851e-05,0.02691831420963851
UDR,25,-0.33354133493705856,0.007201403930726873,0.22776597736813745,0.03161755769645642,0.00022769080427524494,0.22769080427524493
WFC,25,0.2838639096220744,0.005813641532359151,0.12602362538124232,0.04613136239155098,0.00026819120434383177,0.26819120434383176
PXD,25,0.535963629337986,0.010066943212126474,0.27648137562420533,0.03641092709915299,0.0003665467354080501,0.3665467354080501
CTXS,25,1.0805985456750833,-0.007958723770845274,-0.16010072063888395,0.04971073046445941,-0.00039563397221357543,-0.39563397221357544
DTE,25,0.0012934554060095558,0.008166474063361129,0.3111421198360722,0.026246764879225296,0.00021434352463333117,0.21434352463333117
DRE,25,0.8642980224592313,-0.0016079550513117893,-0.0463651897777657,0.034680221498475994,-5.5764237339086186e-05,-0.055764237339086184
GS,25,0.18440242028606083,0.019058695887910482,0.3747926547924248,0.05085130576656032,0.0009691595721080218,0.9691595721080218
TMO,25,0.27063200202020055,0.004832376419158961,0.14319294725473497,0.03374730747431535,0.00016307969284898844,0.16307969284898843
ORCL,25,0.16889962880826728,0.004685170653583685,0.17227958598513574,0.027195158537169466,0.0001274139586979022,0.1274139586979022
WHR,25,0.19576087123418237,0.004705696791754045,0.08545842682204075,0.05506416355584479,0.00025911525778535884,0.2591152577853588
CELG,25,-0.39355556743656356,0.010300768731119302,0.18093935180332332,0.05692939998102783,0.0005864165832059553,0.5864165832059552
GD,25,-0.18087384121269887,0.015596340735202167,0.5646922003440559,0.027619189225032013,0.00043075828598362355,0.43075828598362353
WU,25,0.5902085927390622,-0.002439564267409839,-0.07081271498689508,0.034450935370311894,-8.404527090825865e-05,-0.08404527090825865
TTWO,25,0.888678992916019,0.008991868028057837,0.266156006055691,0.03378420108309095,0.0003037830775725225,0.3037830775725225
NEE,25,0.04762843013274592,0.0058521368219248285,0.20302418390496202,0.02882482623185562,0.00016868682697702698,0.16868682697702697
INTC,25,0.5241781311998126,0.0029797899466040105,0.10055194808582296,0.029634333330476145,8.830408853246496e-05,0.08830408853246495
KEY,25,0.9671627803682669,0.012675706258625467,0.22575893258730317,0.05614708624529684,0.0007117039725230929,0.7117039725230929
KMB,25,0.04020997995948362,0.0016264219944893631,0.044328516762215206,0.036690196588659484,5.9673742713934384e-05,0.059673742713934386
EXC,25,0.6011234247746018,-0.0003549538133723173,-0.009874048398829436,0.03594815409395774,-1.275993437934598e-05,-0.01275993437934598
COO,25,-0.41484223027148015,0.01706659086412214,0.568306595415355,0.03003060496183188,0.000512520048285661,0.512520048285661
AMT,25,0.6249088822609132,0.0024533549095153567,0.06757209966147866,0.0363072173545905,8.907448994772576e-05,0.08907448994772577
EVRG,25,0.2615458892548051,0.006405545298842763,0.2363030164940605,0.027107336139332642,0.00017363726957145276,0.17363726957145276
NFLX,25,0.5917429764111837,0.009598328536205427,0.15089573275513235,0.06360901240183654,0.0006105401988963926,0.6105401988963927
MS,25,0.6986148867389038,0.01754787193734849,0.3448741155806398,0.05088196285129836,0.0008928701680355069,0.8928701680355069
BDX,25,-0.08804228443294516,0.009565425388826512,0.43068255073463974,0.02220992090928741,0.0002124473413495266,0.2124473413495266
AVGO,25,1.2693656349226756,0.004394895310144599,0.11460946856778874,0.038346703505959666,0.00016852974739784758,0.16852974739784757
ILMN,25,1.4198265851517164,-0.014843728906661031,-0.17567084716085402,0.08449739468193768,-0.0012542564199778245,-1.2542564199778246
HFC,25,0.680740060513664,-0.012295072600470691,-0.14995336663379466,0.0819926412889204,-0.0010081054773516272,-1.0081054773516271
ICE,25,-0.09719435032037708,0.00927508050220185,0.2502254222263295,0.03706689919704688,0.0003437984740196109,0.34379847401961094
BLL,25,0.8233608779421789,-0.005458836932345137,-0.16946563673273132,0.032212058076142074,-0.0001758403722928908,-0.1758403722928908
IBM,25,0.40760523013065264,0.009490992429003272,0.35638387713666936,0.026631374306990828,0.00025275817192160223,0.2527581719216022
TJX,25,0.03692763008635928,0.001254682862504133,0.05508517297792275,0.022777143007374955,2.8578090988159207e-05,0.028578090988159208
STT,25,0.701751346343704,0.007466016176353866,0.15340688618763643,0.04866806413906325,0.0003633565541340737,0.3633565541340737
AAL,25,1.2516680003577108,-0.00911527305720811,-0.13486389153559647,0.06758868480969342,-0.0006160893176179295,-0.6160893176179295
HIG,25,-0.047100966024242394,0.006541394305786795,0.22131279806634696,0.029557234660355078,0.0001933455265020508,0.19334552650205078
ES,25,-0.19289878265812196,0.0059055601467721715,0.19595308396264563,0.03013762288067864,0.0001779795446025849,0.17797954460258492
RHI,25,0.35249642942084,0.004498904959014834,0.0819418410491961,0.05490363532732672,0.0002470062372420522,0.2470062372420522
TPR,25,0.6820462639827872,-0.007078584078403647,-0.19052971386467782,0.037152126746126085,-0.0002629844528639624,-0.2629844528639624
MOS,25,1.4980854197227935,-0.00871289488484195,-0.10471407370670786,0.08320653161909995,-0.000724969763729496,-0.724969763729496
MAR,25,-0.12834659500381201,0.011882675499984889,0.32966941562071084,0.03604421562009886,0.00042830171786512137,0.4283017178651214
MHK,25,0.13736202951759907,0.00774223724646607,0.22517194426879794,0.03438366743071602,0.00026620651065219187,0.26620651065219186
MRO,25,1.5110279503425548,0.010751855419842672,0.09968077160319039,0.10786288315106249,0.001159726124807608,1.159726124807608
MSFT,25,0.7361967422903944,0.0018245905577942319,0.07932699460726338,0.02300087841254442,4.1967185572501735e-05,0.04196718557250174
BK,25,0.7356830600322798,0.003089437128740458,0.06594716892752063,0.04684715324377169,0.00014473133460710225,0.14473133460710225
HSY,25,-0.19568400742238157,0.010461289160712157,0.27531023398467336,0.037998184845153785,0.00039750999924734426,0.39750999924734426
TGT,25,0.21373412127651303,-0.008650289466199182,-0.17251009913200394,0.05014366990526172,-0.0004337572595780544,-0.43375725957805444
XRAY,25,-0.21230238436816118,0.0038008644557738867,0.10066627251046405,0.037757079516168586,0.00014350954148683348,0.14350954148683348
JWN,25,0.910176868462409,-0.016346290628420156,-0.18087783442464753,0.09037199433759203,-0.00147724688411222,-1.4772468841122202
FDX,25,0.4703492634096068,0.008172591444988934,0.20861019859907481,0.03917637536358292,0.00032017251014209303,0.320172510142093
DXC,25,0.7070010274940309,0.028134607201037647,0.34351614819514903,0.08190184755173309,0.0023042763099072774,2.3042763099072774
UAL,25,0.9753984508812102,-0.00014991388979685924,-0.0021101469928893556,0.07104428757903118,-1.0650525498819257e-05,-0.010650525498819258
FL,25,0.005975496169520971,0.0033012288920445383,0.06735281790909806,0.04901396845043667,0.00016180632876234102,0.16180632876234102
CPRT,25,0.48284744466057233,0.011854873294337997,0.4152320575173992,0.028549995309168172,0.0003384565769441328,0.33845657694413284
BAC,25,0.9413524583699876,0.01624991904103687,0.281187327613122,0.05779036764912355,0.0009390887956500139,0.9390887956500139
KIM,25,0.3302886326136536,-0.005767785729490179,-0.16053790780006813,0.035927874036288714,-0.00020722427915742677,-0.20722427915742678
ROK,25,0.4661216379144794,0.010298659020844217,0.2769973625242562,0.037179628452030405,0.00038290031594913923,0.3829003159491392
QCOM,25,0.9942802692362555,-0.005934073239317227,-0.12384967901540987,0.04791351327264148,-0.0002843222969128526,-0.2843222969128526
AIG,25,0.43607347921810746,0.004912373368727069,0.1808372766939253,0.027164605984647004,0.0001334426870109439,0.13344268701094392
AMAT,25,1.2810107340718817,0.011597621684184956,0.2806164489409796,0.041329087186276155,0.00047931911773912696,0.47931911773912694
UHS,25,0.4852317263012796,-0.0016985361263402664,-0.04404637494204254,0.03856244988549564,-6.549971425070042e-05,-0.06549971425070042
CAT,25,0.5084079855940552,0.00990384613204286,0.22006994122146292,0.045003175249982576,0.0004457045231291869,0.4457045231291869
CINF,25,-0.23477213882941916,0.00949957871362127,0.30494822590369897,0.031151447710409657,0.0002959256295682936,0.2959256295682936
JNPR,25,1.200445375379803,-0.00747230346641627,-0.1997680696817239,0.03740489397690709,-0.0002795007189245759,-0.2795007189245759
SYK,25,-0.24938969740437464,0.012953998840291471,0.4969996079647898,0.02606440454417663,0.0003376382662381518,0.33763826623815185
PPL,25,0.2946614056716712,0.00023579216443355734,0.007995456430555227,0.029490769724222394,6.953692424086021e-06,0.006953692424086021
JNJ,25,-0.27694629845593516,0.009611847522926785,0.382434371951779,0.02513332542227334,0.0002415776917029908,0.2415776917029908
ARE,25,0.3361240082479561,0.013888212081218146,0.44632049989574485,0.03111712790351836,0.00043216127168245396,0.43216127168245394
CSCO,25,0.447047440810269,0.006423404211814675,0.22019949388028698,0.029170840035203732,0.0001873760967442998,0.1873760967442998
JPM,25,0.10511513678765404,0.018302301037057038,0.4981503581213335,0.03674051566695689,0.0006724359779933553,0.6724359779933553
ZION,25,0.9796816998129211,0.01802351886436665,0.29957467027844564,0.06016369423894995,0.0010843614780657014,1.0843614780657014
DVN,25,0.9206780765271895,0.020987772844304496,0.27537752850594166,0.07621454429551122,0.0015995735431063726,1.5995735431063725
MU,25,1.8679192148855464,0.010002428279305118,0.15513602056054715,0.06447521499625761,0.0006449087137928445,0.6449087137928445
NI,25,0.10381450221251057,0.003947362496306983,0.11496826015048205,0.03433436751274027,0.0001355301946542118,0.1355301946542118
PFE,25,-0.2057870525874133,0.00862233545198789,0.26656088707123343,0.03234658897906403,0.0002789031409050645,0.2789031409050645
AMD,25,1.5863924805111111,0.05916836292297517,0.5044400175711092,0.11729514087298674,0.006940161464274379,6.940161464274379
SBAC,25,0.790176713693135,-0.0026222753821276224,-0.0675217328964208,0.038836020191457855,-0.00010183873968787121,-0.10183873968787122
NOC,25,-0.39814301188635337,0.014566172266042846,0.5487604824186925,0.026543770429389574,0.0003866411326647826,0.3866411326647826
CCI,25,0.23243706313150536,0.0014266744233358804,0.04544952005954604,0.031390307784696335,4.478374925706744e-05,0.04478374925706744
IQV,25,0.2069862075812332,0.006008711465799833,0.13558525347996397,0.044316850922786866,0.00026628717026789135,0.26628717026789134
PNW,25,-0.05411010219960541,0.008417887963306857,0.29508894948522935,0.028526611985950405,0.00024013382367045702,0.24013382367045702
CVS,25,0.7088083226757832,-0.014900500280140255,-0.38672512817280025,0.0385299511064672,-0.0005741155472557049,-0.5741155472557049
HES,25,1.0303107621803187,-0.00313330387055861,-0.039242605244739645,0.07984444078107225,-0.00025017689534192144,-0.25017689534192145
LMT,25,0.24270091894920276,0.005963053426264939,0.21271232434322973,0.028033417643648317,0.0001671647671298731,0.1671647671298731
BLK,25,0.370394852634535,0.005514194971977979,0.14246439263552432,0.03870577672054022,0.00021343119937890521,0.2134311993789052
PSX,25,0.3385673031854097,-0.0028658898624057006,-0.07149627577538216,0.04008446357974486,-0.0001148776578131613,-0.1148776578131613
EQR,25,-0.0729101052370796,0.001584274166411317,0.04211106906881813,0.03762132383346259,5.960249145554915e-05,0.059602491455549154
NTAP,25,0.930309658693347,0.009864822752118087,0.1800702477364961,0.05478319087200719,0.0005404264677478045,0.5404264677478045
WY,25,1.230850605878961,-0.0015140729283992967,-0.03734489641898644,0.040542967676555935,-6.138500979604108e-05,-0.06138500979604108
ZTS,25,-0.19201640490693958,0.01192869802601537,0.37693959185985293,0.03164617960973038,0.00037749772024151863,0.3774977202415186
IDXX,25,-0.1185790239791021,0.027998953999271207,0.6061419913233062,0.0461920711649509,0.0012933296756785222,1.2933296756785222
ADSK,25,1.2582847701278748,0.0068279352809772,0.17264486986680458,0.039549019245373164,0.00027003814383352973,0.27003814383352975
TIF,25,0.29645997574222666,0.009436501210945006,0.17081445646821591,0.05524416027809034,0.0005213115853618395,0.5213115853618395
V,25,0.5894215706604695,0.001241345961842076,0.05103398530428488,0.024323907969183253,3.0194384933763923e-05,0.030194384933763925
BEN,25,0.5667917605336752,0.0012161474006307021,0.02737011020224468,0.04443341264044174,5.40375792838246e-05,0.0540375792838246
HSIC,25,0.05924599203109409,0.00035512147352197273,0.011207500722050774,0.03168605403908391,1.1252398200456333e-05,0.011252398200456332
UNP,25,0.47994892908426107,0.0067461442392643695,0.15380390093832655,0.04386198398159933,0.0002958992705601724,0.2958992705601724
CI,25,0.4943023081871548,-0.003924603657757781,-0.09463504665527905,0.041470932772439795,-0.00016275697444934425,-0.16275697444934425
SHW,25,-0.060433587864067356,0.006265974306678123,0.1743248310298457,0.0359442442574652,0.00022522571099023962,0.22522571099023964
A,25,0.1716920823172069,0.011039380687922023,0.3182753773166092,0.03468499756718671,0.0003829008923038233,0.3829008923038233
DE,25,1.0996779434072401,0.0006792919760641378,0.014941450890404643,0.04546358857963233,3.088305092522541e-05,0.03088305092522541
TDG,25,0.19236669211495477,0.007705465226085907,0.16719594428355236,0.04608643624164704,0.0003551174318542365,0.3551174318542365
CERN,25,1.4138897770696883,-0.013698844416327693,-0.3125944851735423,0.0438230521204574,-0.0006003251728467653,-0.6003251728467653
STZ,25,0.0014050895041872583,0.003515896124276642,0.11260691482476315,0.03122273734031357,0.00010977590120411606,0.10977590120411607
SO,25,0.0901037182412384,0.001985749317090131,0.07949797079296217,0.02497861640093493,4.960127046001288e-05,0.04960127046001288
K,25,0.0017680900073798935,0.0015568364166523507,0.06831918373084395,0.02278769053778212,3.5476706480623396e-05,0.0354767064806234
INCY,25,-0.13213384466832453,0.02131405954726144,0.27915698459162985,0.07635151804795828,0.0016273608021979895,1.6273608021979895
NWSA,25,0.8648822784839055,-0.0015611754382426433,-0.033661288490902525,0.04637895660662469,-7.240568790558384e-05,-0.07240568790558384
ABC,25,0.7074956730131595,-0.0056169988146221594,-0.11883715938192092,0.04726635038936055,-0.00026549503410855385,-0.26549503410855385
ED,25,-0.04565844978279151,0.005025871402715754,0.17451395281940352,0.028799252561294043,0.00014474133986739618,0.14474133986739618
SNA,25,0.25218975101395036,0.0037459372441657765,0.11445684574936274,0.03272794405298062,0.00012259682455303394,0.12259682455303395
MRK,25,-0.20199616414234972,0.014098304321412463,0.43230949533649227,0.032611599961363126,0.00045976826066346026,0.45976826066346027
GWW,25,-0.44819958283835526,0.011481056861965221,0.308446214368673,0.03722223300896924,0.0004273505737052947,0.4273505737052947
PCG,25,0.06721313173015686,0.006389396102848574,0.24466686854036024,0.026114676420908943,0.00016685701175090715,0.16685701175090714
O,25,0.4858371446547747,-0.0013491814265521578,-0.028819858067438583,0.04681429809248428,-6.316098148345591e-05,-0.0631609814834559
CBOE,25,-0.23637267662307668,0.013604839625999711,0.3494142044442816,0.03893613783571632,0.00052971991091074,0.52971991091074
HRB,25,0.6427759365791731,-0.02673147214079665,-0.39217751151846403,0.0681616649493634,-0.0018220616476642235,-1.8220616476642235
DRI,25,-0.002036888350600322,0.00812211233487705,0.199040099249677,0.04080641220284274,0.0003314342638947864,0.3314342638947864
TSN,25,-0.3432896257571442,0.0027990458627620294,0.06470050758075073,0.04326157502348224,0.0001210911325860471,0.1210911325860471
WEC,25,0.0781453365857862,0.0024143504989531453,0.08912199356650904,0.027090400498630998,6.540572196071029e-05,0.06540572196071029
TXT,25,0.3765608142074229,0.00824921756506076,0.1829783912539315,0.04508301504090044,0.00037189959956129435,0.37189959956129437
CB,25,0.010174028452284876,0.007485201271203969,0.3807654851520392,0.019658297726788808,0.00014714631513426568,0.14714631513426568
EXR,25,-0.30284159321964393,0.0029768635319786002,0.06130972683079918,0.04855450653358907,0.000144540139813058,0.144540139813058
AWK,25,0.08863470721997982,0.005931337984607378,0.18188728391463704,0.03260996512208661,0.00019342072480535408,0.19342072480535408
FMC,25,0.8743341395712967,0.007381624969446865,0.12832083380561987,0.05752475845526795,0.00042462619337480553,0.4246261933748055
GE,25,-0.0815580944139401,0.003001902789891232,0.10560273850955655,0.028426372575741245,8.533320714160525e-05,0.08533320714160525
APD,25,0.6403367567330741,-0.0012874686426797531,-0.04050024037068612,0.03178916053080062,-4.0927547360518655e-05,-0.04092754736051866
DUK,25,0.024743901738578045,0.004984464900077552,0.16764622758632797,0.029732043314311053,0.00014819832630776888,0.14819832630776889
SJM,25,-0.05081106511249501,0.005351793383412756,0.16258633538589098,0.03291662470102747,0.0001761629742792397,0.1761629742792397
ADP,25,-0.09572888556242351,0.008904015475268829,0.2726412347719111,0.03265835955708548,0.00029079053889318276,0.29079053889318274
DHI,25,1.2919249372132269,-0.009089031255181734,-0.24622916366503553,0.03691289496294697,-0.0003355024560374654,-0.33550245603746537
FTNT,25,0.9192065783069181,0.0007319619713642804,0.014208364706815633,0.0515162713280554,3.7707951518620586e-05,0.03770795151862059
CAH,25,0.8390117930291022,-0.009345093808162563,-0.29484674844893666,0.03169474941583425,-0.0002961904065171767,-0.2961904065171767
WAT,25,0.3047862729556333,0.006104350616661763,0.18201080784235504,0.03353839636791746,0.00020473013055034357,0.20473013055034356
MMC,25,-0.2062623934583027,0.013018937688824866,0.6036530781470751,0.021566920074004674,0.000280778388583333,0.28077838858333304
CXO,25,1.0278358264951482,0.003082679428218677,0.07878591520859889,0.039127290963832405,0.00012061689493613269,0.12061689493613269
CPRI,25,1.2425981120467582,-0.030940590909905842,-0.44005113059973705,0.07031135420044829,-0.00217547484663756,-2.17547484663756
CMG,25,0.1627630104150334,-0.009092939911558594,-0.17747869156347557,0.05123398100051063,-0.0004658675106675778,-0.4658675106675778
FTI,25,0.715770886867737,0.003514804631908744,0.0631279472516357,0.05567747384368929,0.00019569544295877704,0.19569544295877705
ALLE,25,-0.16439839686773905,0.008034114503177136,0.22565409246254595,0.03560367292922302,0.0002860439850470458,0.2860439850470458
NOV,25,1.6899958514774238,-0.005783297995420385,-0.08793067088011376,0.06577111191731308,-0.00038037393970796654,-0.3803739397079665
MTB,25,0.28555534722462517,0.0161482132494903,0.44398835060189396,0.0363708039357315,0.0005873234980095934,0.5873234980095934
AFL,25,-0.07945469782557778,0.008888710738033774,0.3994863326676666,0.022250350039955707,0.0001977769253251645,0.1977769253251645
XEC,25,0.8634573610597039,0.006067793087284695,0.13659225464522964,0.044422673181905833,0.00026954758925187546,0.26954758925187544
AMG,25,1.0294088155432386,-0.003275646502965886,-0.05101838842993506,0.06420521313534669,-0.00021031358187897776,-0.21031358187897775
WMT,25,-0.0009037524483511844,0.003942009855558439,0.19451423677773264,0.02026591945587454,7.988845422701095e-05,0.07988845422701095
BBY,25,0.4588668780629924,0.008994099445212268,0.1643244167311662,0.05473379808142914,0.0004922812229585422,0.49228122295854215
ACN,25,0.3137992738299926,0.004868112296963828,0.13911678635902935,0.03499298987830496,0.00017034980433410714,0.17034980433410712
LEN,25,0.8962478288082011,-0.0057372833051815755,-0.1419854773602124,0.04040753612164349,-0.00023182948239422666,-0.23182948239422665
PGR,25,-0.45393241434522796,0.013810588775902808,0.5185895858904634,0.02663105691216075,0.00036779057568151613,0.36779057568151613
AXP,25,1.0377320998004498,0.003598197806233121,0.10374771843014303,0.034682187335578984,0.00012479337038624644,0.12479337038624644
SYMC,25,0.1523689571172348,0.013667297478320068,0.2612842553726635,0.05230815557112972,0.000714911122732875,0.714911122732875
JEC,25,0.9012938146765858,0.004348942023157698,0.08511597045057759,0.051094312854987674,0.00022220620431942246,0.22220620431942245
OXY,25,0.7577781614697138,-0.009736578499307954,-0.29565999324564973,0.032931673955692395,-0.0003206418285832143,-0.3206418285832143
LEG,25,-0.14238288651121855,0.005977240824002347,0.18416782956982308,0.03245540134758558,0.00019399374989416933,0.19399374989416932
FRC,25,0.2972437798729083,0.012980800649095847,0.36209137017180393,0.03584951677510778,0.00046535543062409154,0.4653554306240915
GLW,25,0.9623564115275586,0.0060700578008657784,0.15215460863156552,0.03989401212002791,0.00024215895947700934,0.24215895947700933
IRM,25,0.7462577689743557,0.0026742216013857893,0.05530867875485431,0.04835084947949655,0.00012930088612342252,0.12930088612342253
KMI,25,1.489356224526771,-0.0083718493962161,-0.17998857465507154,0.04651322681042303,-0.0003894017297889026,-0.3894017297889026
HLT,25,0.18539189185372376,0.01028434285034964,0.26591478890371617,0.038675332397828575,0.0003977503782305041,0.3977503782305041
MAS,25,0.5450931116501596,0.001084733114697413,0.029454838976430246,0.036826991842169504,3.994745756589275e-05,0.03994745756589275
ETR,25,0.08327521272188153,0.0027511835112368826,0.08792000824622379,0.031291893234723936,8.608974070275745e-05,0.08608974070275745
WCG,25,0.7605682399356549,0.00791395316576569,0.25092899471182795,0.03153861583375105,0.00024959512862138207,0.24959512862138208
RE,25,-0.22825012144436005,0.012824892981694685,0.49175842857421675,0.02607966073683501,0.00033446885794881376,0.33446885794881376
C,25,0.498930802065803,0.011848806846175897,0.24243529527957955,0.04887409992225636,0.000579099769759516,0.579099769759516
IFF,25,1.4046178811037688,-0.007985511721329145,-0.23892629175184021,0.033422490521148936,-0.00026689568981264707,-0.26689568981264705
L,25,-0.026221694928005704,0.010816295984403201,0.49170298094735354,0.021997621335473047,0.00023793278331729931,0.2379327833172993
VIAB,25,1.9088766754208633,-0.014250275127363184,-0.3002651230305591,0.04745897553314203,-0.0006763034586100717,-0.6763034586100718
NSC,25,0.31091710049304955,0.016403500577895594,0.34712119448961176,0.047255831214842454,0.0007751610546416048,0.7751610546416048
HUM,25,-0.08661573233437124,0.006737227846243512,0.12526120601661886,0.053785430146263004,0.0003623646977035884,0.36236469770358837
PG,25,0.2411945083227644,0.003157760887269986,0.18586288852428529,0.016989733197100215,5.364951497495551e-05,0.05364951497495551
TRV,25,-0.3255123839189197,0.009469502968738521,0.3332329883302377,0.02841706343717128,0.00026909546658112433,0.2690954665811243
PKG,25,0.9336321605341265,0.017228286235784568,0.5034963892180493,0.03421729848458458,0.0005895054125077007,0.5895054125077007
KLAC,25,0.4794123939937141,0.006822268637941748,0.18363287463726602,0.037151673693601554,0.00025345869828690337,0.25345869828690337
LNC,25,0.6932055592133021,0.018863335663639198,0.29464777607114473,0.0640199492260363,0.001207629791419861,1.207629791419861
RJF,25,1.2677446304648081,0.008367024459190384,0.17326049656606474,0.048291587667244236,0.00040405689518496925,0.40405689518496923
CVX,25,0.1439644388708955,0.010956233135800198,0.306134302400184,0.035788975785790975,0.00039211236240063404,0.392112362400634
BXP,25,0.5159385928165202,0.002945550877382321,0.08418725191327785,0.03498808679984665,0.00010305918977121711,0.10305918977121711
YUM,25,0.5076902089070457,0.0049210517886188266,0.20862080623223891,0.023588499524542433,0.00011608022777608388,0.11608022777608389
TROW,25,0.05565764123269359,0.0018200132012545257,0.04324181080503113,0.04208919948936943,7.66028987008876e-05,0.0766028987008876
ATVI,25,0.6844401504410781,0.00631948592027461,0.14179415101568943,0.04456802960494021,0.0002816470355828016,0.28164703558280163
CAG,25,0.5200478213466907,0.0033866854929456907,0.09744132744257439,0.03475615102782322,0.00011770815247655836,0.11770815247655836
BWA,25,1.6579789754139334,-0.008443690600093527,-0.140927977921687,0.0599149347391165,-0.0005059031712618951,-0.5059031712618951
COP,25,1.1897536269423339,0.00032507805227012347,0.005434171419712687,0.05982108902396584,1.9446523104588474e-05,0.019446523104588474
FCX,25,1.5530157421205915,0.0060510274439723385,0.05663155532438612,0.10684904218702793,0.0006465464866358642,0.6465464866358642
FAST,25,-0.35949264044802376,0.009095302282167358,0.19991189138820006,0.04549655460217518,0.00041380491690391573,0.41380491690391574
AZO,25,-0.17059347978447456,-0.0009298982170248007,-0.026684346142514737,0.0348480795466539,-3.240516703717189e-05,-0.03240516703717189
CRM,25,0.8227328760382387,-0.002913363640674728,-0.08182841056312828,0.03560332677398336,-0.00010372543771038419,-0.10372543771038419
SLB,25,0.580948244677867,-0.0014843877838814903,-0.04410892082597765,0.03365277943973796,-4.9953774694005215e-05,-0.049953774694005214
DFS,25,0.464611449489507,0.012100250385196631,0.2622293295197583,0.04614377196996536,0.0005583511945539989,0.5583511945539988
ALGN,25,-0.11080678130555668,0.018718204689510968,0.46961218759094864,0.03985885627358395,0.0007460862304187428,0.7460862304187428
GPN,25,0.9563155020413798,-0.001402347289900345,-0.03102550329127238,0.0451998240523251,-6.338585076375054e-05,-0.06338585076375054
AKAM,25,1.072822877794949,-0.007238353337084141,-0.11182057471945818,0.06473185596876187,-0.00046855204566713745,-0.46855204566713743
VFC,25,0.5573868162256952,-0.013834282517839604,-0.3604500538882885,0.03838058107802963,-0.0005309678018323108,-0.5309678018323107
ORLY,25,-0.3808774758794434,0.004823995113192845,0.14139377334396355,0.03411745085448484,0.0001645824161966319,0.16458241619663191
