Date,Open,High,Low,Close
09/02/2022,348.08,348.08,348.08,348.08
09/01/2022,353.67,353.67,353.67,353.67
08/31/2022,351.59,351.59,351.59,351.59
08/30/2022,357.06,357.06,357.06,357.06
08/29/2022,359.55,359.55,359.55,359.55
08/26/2022,362.64,362.64,362.64,362.64
08/25/2022,372.59,372.59,372.59,372.59
08/24/2022,366.99,366.99,366.99,366.99
08/23/2022,362.32,362.32,362.32,362.32
08/22/2022,361.25,361.25,361.25,361.25
08/19/2022,371.82,371.82,371.82,371.82
08/18/2022,380.19,380.19,380.19,380.19
08/17/2022,379.96,379.96,379.96,379.96
08/16/2022,382.82,382.82,382.82,382.82
08/15/2022,378.24,378.24,378.24,378.24
08/12/2022,376.86,376.86,376.86,376.86
08/11/2022,370.6,370.6,370.6,370.6
08/10/2022,368.53,368.53,368.53,368.53
08/09/2022,365.42,365.42,365.42,365.42
08/08/2022,364.71,364.71,364.71,364.71
08/05/2022,364.32,364.32,364.32,364.32
08/04/2022,364.76,364.76,364.76,364.76
08/03/2022,367.39,367.39,367.39,367.39
08/02/2022,363.78,363.78,363.78,363.78
08/01/2022,368.41,368.41,368.41,368.41
07/29/2022,374.4,374.4,374.4,374.4
07/28/2022,366.31,366.31,366.31,366.31
07/27/2022,362.59,362.59,362.59,362.59
07/26/2022,356.7,356.7,356.7,356.7
07/25/2022,360.09,360.09,360.09,360.09
07/22/2022,357.5,357.5,357.5,357.5
07/21/2022,358.61,358.61,358.61,358.61
07/20/2022,357.65,357.65,357.65,357.65
07/19/2022,354.73,354.73,354.73,354.73
07/18/2022,345.71,345.71,345.71,345.71
07/15/2022,348.35,348.35,348.35,348.35
07/14/2022,343.48,343.48,343.48,343.48
07/13/2022,347.77,347.77,347.77,347.77
07/12/2022,347.66,347.66,347.66,347.66
07/11/2022,349.31,349.31,349.31,349.31
07/08/2022,352.04,352.04,352.04,352.04
07/07/2022,350.37,350.37,350.37,350.37
07/06/2022,346.0,346.0,346.0,346.0
07/05/2022,345.97,345.97,345.97,345.97
07/04/2022,348.65,348.65,348.65,348.65
07/01/2022,348.65,348.65,348.65,348.65
06/30/2022,343.09,343.09,343.09,343.09
06/29/2022,343.61,343.61,343.61,343.61
06/28/2022,344.04,344.04,344.04,344.04
06/27/2022,349.57,349.57,349.57,349.57
06/24/2022,349.43,349.43,349.43,349.43
06/23/2022,335.93,335.93,335.93,335.93
06/22/2022,338.62,338.62,338.62,338.62
06/21/2022,340.98,340.98,340.98,340.98
06/20/2022,336.38,336.38,336.38,336.38
06/16/2022,336.79,336.79,336.79,336.79
06/15/2022,349.73,349.73,349.73,349.73
06/14/2022,348.18,348.18,348.18,348.18
06/13/2022,352.64,352.64,352.64,352.64
06/10/2022,365.32,365.32,365.32,365.32
06/09/2022,376.22,376.22,376.22,376.22
06/08/2022,385.92,385.92,385.92,385.92
06/07/2022,392.12,392.12,392.12,392.12
06/06/2022,390.14,390.14,390.14,390.14
06/03/2022,388.39,388.39,388.39,388.39
06/02/2022,393.31,393.31,393.31,393.31
06/01/2022,389.88,389.88,389.88,389.88
05/31/2022,394.66,394.66,394.66,394.66
05/30/2022,398.53,398.53,398.53,398.53
05/27/2022,398.53,398.53,398.53,398.53
05/26/2022,390.3,390.3,390.3,390.3
05/25/2022,385.41,385.41,385.41,385.41
05/24/2022,386.04,386.04,386.04,386.04
05/23/2022,387.25,387.25,387.25,387.25
05/20/2022,379.69,379.69,379.69,379.69
05/19/2022,380.12,380.12,380.12,380.12
05/18/2022,383.15,383.15,383.15,383.15
05/17/2022,393.2,393.2,393.2,393.2
05/16/2022,386.26,386.26,386.26,386.26
05/13/2022,387.38,387.38,387.38,387.38
05/12/2022,384.21,384.21,384.21,384.21
05/11/2022,388.5,388.5,388.5,388.5
05/10/2022,389.8,389.8,389.8,389.8
05/09/2022,390.3,390.3,390.3,390.3
05/06/2022,397.73,397.73,397.73,397.73
05/05/2022,397.08,397.08,397.08,397.08
05/04/2022,406.83,406.83,406.83,406.83
05/03/2022,397.24,397.24,397.24,397.24
05/02/2022,396.12,396.12,396.12,396.12
04/29/2022,401.54,401.54,401.54,401.54
04/28/2022,412.05,412.05,412.05,412.05
04/27/2022,409.99,409.99,409.99,409.99
04/26/2022,411.02,411.02,411.02,411.02
04/25/2022,419.03,419.03,419.03,419.03
04/22/2022,417.46,417.46,417.46,417.46
04/21/2022,427.5,427.5,427.5,427.5
04/20/2022,434.0,434.0,434.0,434.0
04/19/2022,433.32,433.32,433.32,433.32
04/18/2022,430.95,430.95,430.95,430.95
04/15/2022,428.18,428.18,428.18,428.18
04/14/2022,428.18,428.18,428.18,428.18
04/13/2022,430.4,430.4,430.4,430.4
04/12/2022,434.42,434.42,434.42,434.42
04/11/2022,437.48,437.48,437.48,437.48
04/08/2022,438.8,438.8,438.8,438.8
04/07/2022,430.87,430.87,430.87,430.87
04/06/2022,428.84,428.84,428.84,428.84
04/05/2022,428.97,428.97,428.97,428.97
04/04/2022,429.72,429.72,429.72,429.72
04/01/2022,437.83,437.83,437.83,437.83
03/31/2022,438.72,438.72,438.72,438.72
03/30/2022,444.42,444.42,444.42,444.42
03/29/2022,441.48,441.48,441.48,441.48
03/28/2022,446.49,446.49,446.49,446.49
03/25/2022,445.51,445.51,445.51,445.51
03/24/2022,437.7,437.7,437.7,437.7
03/23/2022,432.43,432.43,432.43,432.43
03/22/2022,434.6,434.6,434.6,434.6
03/21/2022,433.96,433.96,433.96,433.96
03/18/2022,425.35,425.35,425.35,425.35
03/17/2022,428.34,428.34,428.34,428.34
03/16/2022,417.73,417.73,417.73,417.73
03/15/2022,413.29,413.29,413.29,413.29
03/14/2022,409.93,409.93,409.93,409.93
03/11/2022,405.86,405.86,405.86,405.86
03/10/2022,404.35,404.35,404.35,404.35
03/09/2022,404.6,404.6,404.6,404.6
03/08/2022,396.01,396.01,396.01,396.01
03/07/2022,401.06,401.06,401.06,401.06
03/04/2022,404.88,404.88,404.88,404.88
03/03/2022,408.23,408.23,408.23,408.23
03/02/2022,403.46,403.46,403.46,403.46
03/01/2022,394.88,394.88,394.88,394.88
02/28/2022,401.28,401.28,401.28,401.28
02/25/2022,398.95,398.95,398.95,398.95
02/24/2022,385.35,385.35,385.35,385.35
02/23/2022,387.69,387.69,387.69,387.69
02/22/2022,392.76,392.76,392.76,392.76
02/21/2022,393.75,393.75,393.75,393.75
02/18/2022,393.75,393.75,393.75,393.75
02/17/2022,392.17,392.17,392.17,392.17
02/16/2022,394.85,394.85,394.85,394.85
02/15/2022,395.4,395.4,395.4,395.4
02/14/2022,392.7,392.7,392.7,392.7
02/11/2022,398.5,398.5,398.5,398.5
02/10/2022,399.28,399.28,399.28,399.28
02/09/2022,402.27,402.27,402.27,402.27
02/08/2022,401.2,401.2,401.2,401.2
02/07/2022,395.19,395.19,395.19,395.19
02/04/2022,393.26,393.26,393.26,393.26
02/03/2022,393.52,393.52,393.52,393.52
02/02/2022,399.07,399.07,399.07,399.07
02/01/2022,392.26,392.26,392.26,392.26
01/31/2022,391.09,391.09,391.09,391.09
01/28/2022,390.77,390.77,390.77,390.77
01/27/2022,384.32,384.32,384.32,384.32
01/26/2022,386.56,386.56,386.56,386.56
01/25/2022,384.33,384.33,384.33,384.33
01/24/2022,380.15,380.15,380.15,380.15
01/21/2022,381.78,381.78,381.78,381.78
01/20/2022,389.07,389.07,389.07,389.07
01/19/2022,393.48,393.48,393.48,393.48
01/18/2022,400.29,400.29,400.29,400.29
01/14/2022,405.04,405.04,405.04,405.04
01/13/2022,401.37,401.37,401.37,401.37
01/12/2022,400.13,400.13,400.13,400.13
01/11/2022,399.5,399.5,399.5,399.5
01/10/2022,398.3,398.3,398.3,398.3
01/07/2022,399.29,399.29,399.29,399.29
01/06/2022,391.22,391.22,391.22,391.22
01/05/2022,386.99,386.99,386.99,386.99
01/04/2022,385.6,385.6,385.6,385.6
01/03/2022,376.37,376.37,376.37,376.37
12/31/2021,374.17,374.17,374.17,374.17
12/30/2021,375.38,375.38,375.38,375.38
12/29/2021,374.94,374.94,374.94,374.94
12/28/2021,373.42,373.42,373.42,373.42
12/27/2021,371.31,371.31,371.31,371.31
12/24/2021,368.59,368.59,368.59,368.59
12/23/2021,368.59,368.59,368.59,368.59
12/22/2021,368.24,368.24,368.24,368.24
12/21/2021,366.62,366.62,366.62,366.62
12/20/2021,362.0,362.0,362.0,362.0
12/17/2021,367.17,367.17,367.17,367.17
12/16/2021,375.03,375.03,375.03,375.03
12/15/2021,368.45,368.45,368.45,368.45
12/14/2021,368.96,368.96,368.96,368.96
12/13/2021,362.82,362.82,362.82,362.82
12/10/2021,360.81,360.81,360.81,360.81
12/09/2021,356.47,356.47,356.47,356.47
12/08/2021,355.54,355.54,355.54,355.54
12/07/2021,356.95,356.95,356.95,356.95
12/06/2021,352.56,352.56,352.56,352.56
12/03/2021,347.49,347.49,347.49,347.49
12/02/2021,349.55,349.55,349.55,349.55
12/01/2021,343.97,343.97,343.97,343.97
11/30/2021,345.92,345.92,345.92,345.92
11/29/2021,352.72,352.72,352.72,352.72
11/26/2021,354.01,354.01,354.01,354.01
11/25/2021,359.96,359.96,359.96,359.96
11/24/2021,359.96,359.96,359.96,359.96
11/23/2021,361.66,361.66,361.66,361.66
11/22/2021,357.17,357.17,357.17,357.17
11/19/2021,350.97,350.97,350.97,350.97
11/18/2021,352.13,352.13,352.13,352.13
11/17/2021,353.37,353.37,353.37,353.37
11/16/2021,355.4,355.4,355.4,355.4
11/15/2021,356.76,356.76,356.76,356.76
11/12/2021,358.34,358.34,358.34,358.34
11/11/2021,356.73,356.73,356.73,356.73
11/10/2021,357.37,357.37,357.37,357.37
11/09/2021,358.68,358.68,358.68,358.68
11/08/2021,361.82,361.82,361.82,361.82
11/05/2021,360.44,360.44,360.44,360.44
11/04/2021,360.29,360.29,360.29,360.29
11/03/2021,361.96,361.96,361.96,361.96
11/02/2021,360.84,360.84,360.84,360.84
11/01/2021,358.55,358.55,358.55,358.55
10/29/2021,359.01,359.01,359.01,359.01
10/28/2021,362.59,362.59,362.59,362.59
10/27/2021,360.55,360.55,360.55,360.55
10/26/2021,364.73,364.73,364.73,364.73
10/25/2021,363.81,363.81,363.81,363.81
10/22/2021,362.41,362.41,362.41,362.41
10/21/2021,359.56,359.56,359.56,359.56
10/20/2021,360.36,360.36,360.36,360.36
10/19/2021,357.07,357.07,357.07,357.07
10/18/2021,354.4,354.4,354.4,354.4
10/15/2021,356.51,356.51,356.51,356.51
10/14/2021,353.46,353.46,353.46,353.46
10/13/2021,348.5,348.5,348.5,348.5
10/12/2021,349.41,349.41,349.41,349.41
10/11/2021,352.06,352.06,352.06,352.06
10/08/2021,356.11,356.11,356.11,356.11
10/07/2021,354.59,354.59,354.59,354.59
10/06/2021,351.05,351.05,351.05,351.05
10/05/2021,348.22,348.22,348.22,348.22
10/04/2021,342.72,342.72,342.72,342.72
10/01/2021,345.22,345.22,345.22,345.22
09/30/2021,341.68,341.68,341.68,341.68
09/29/2021,346.96,346.96,346.96,346.96
09/28/2021,346.31,346.31,346.31,346.31
09/27/2021,350.05,350.05,350.05,350.05
09/24/2021,347.64,347.64,347.64,347.64
09/23/2021,347.97,347.97,347.97,347.97
09/22/2021,343.02,343.02,343.02,343.02
09/21/2021,341.87,341.87,341.87,341.87
09/20/2021,343.25,343.25,343.25,343.25
09/17/2021,346.49,346.49,346.49,346.49
09/16/2021,347.38,347.38,347.38,347.38
09/15/2021,348.2,348.2,348.2,348.2
09/14/2021,347.08,347.08,347.08,347.08
09/13/2021,350.57,350.57,350.57,350.57
09/10/2021,347.72,347.72,347.72,347.72
09/09/2021,349.24,349.24,349.24,349.24
09/08/2021,350.22,350.22,350.22,350.22
09/07/2021,349.21,349.21,349.21,349.21
09/06/2021,353.05,353.05,353.05,353.05
09/03/2021,353.05,353.05,353.05,353.05
09/02/2021,357.0,357.0,357.0,357.0
09/01/2021,357.32,357.32,357.32,357.32
08/31/2021,357.98,357.98,357.98,357.98
08/30/2021,357.76,357.76,357.76,357.76
08/27/2021,359.3,359.3,359.3,359.3
08/26/2021,357.49,357.49,357.49,357.49
08/25/2021,360.29,360.29,360.29,360.29
08/24/2021,358.78,358.78,358.78,358.78
08/23/2021,358.35,358.35,358.35,358.35
08/20/2021,357.9,357.9,357.9,357.9
08/19/2021,357.81,357.81,357.81,357.81
08/18/2021,359.22,359.22,359.22,359.22
08/17/2021,362.52,362.52,362.52,362.52
08/16/2021,362.93,362.93,362.93,362.93
08/13/2021,361.16,361.16,361.16,361.16
08/12/2021,363.92,363.92,363.92,363.92
08/11/2021,365.16,365.16,365.16,365.16
08/10/2021,362.15,362.15,362.15,362.15
08/09/2021,360.02,360.02,360.02,360.02
08/06/2021,358.24,358.24,358.24,358.24
08/05/2021,351.56,351.56,351.56,351.56
08/04/2021,349.64,349.64,349.64,349.64
08/03/2021,352.99,352.99,352.99,352.99
08/02/2021,348.52,348.52,348.52,348.52
07/30/2021,348.64,348.64,348.64,348.64
07/29/2021,350.29,350.29,350.29,350.29
07/28/2021,348.04,348.04,348.04,348.04
07/27/2021,351.29,351.29,351.29,351.29
07/26/2021,348.89,348.89,348.89,348.89
07/23/2021,348.43,348.43,348.43,348.43
07/22/2021,347.54,347.54,347.54,347.54
07/21/2021,350.32,350.32,350.32,350.32
07/20/2021,346.55,346.55,346.55,346.55
07/19/2021,341.16,341.16,341.16,341.16
07/16/2021,348.04,348.04,348.04,348.04
07/15/2021,350.24,350.24,350.24,350.24
07/14/2021,348.33,348.33,348.33,348.33
07/13/2021,349.35,349.35,349.35,349.35
07/12/2021,350.74,350.74,350.74,350.74
07/09/2021,351.04,351.04,351.04,351.04
07/08/2021,342.96,342.96,342.96,342.96
07/07/2021,349.56,349.56,349.56,349.56
07/06/2021,347.21,347.21,347.21,347.21
07/05/2021,349.54,349.54,349.54,349.54
07/02/2021,349.54,349.54,349.54,349.54
07/01/2021,351.04,351.04,351.04,351.04
06/30/2021,348.07,348.07,348.07,348.07
06/29/2021,346.05,346.05,346.05,346.05
06/28/2021,346.6,346.6,346.6,346.6
06/25/2021,349.01,349.01,349.01,349.01
06/24/2021,345.36,345.36,345.36,345.36
06/23/2021,344.02,344.02,344.02,344.02
06/22/2021,346.68,346.68,346.68,346.68
06/21/2021,346.84,346.84,346.84,346.84
06/18/2021,342.78,342.78,342.78,342.78
06/17/2021,348.82,348.82,348.82,348.82
06/16/2021,354.68,354.68,354.68,354.68
06/15/2021,355.84,355.84,355.84,355.84
06/14/2021,355.24,355.24,355.24,355.24
06/11/2021,359.27,359.27,359.27,359.27
06/10/2021,356.92,356.92,356.92,356.92
06/09/2021,361.44,361.44,361.44,361.44
06/08/2021,362.38,362.38,362.38,362.38
06/07/2021,362.61,362.61,362.61,362.61
06/04/2021,366.36,366.36,366.36,366.36
06/03/2021,365.63,365.63,365.63,365.63
06/02/2021,363.38,363.38,363.38,363.38
06/01/2021,363.25,363.25,363.25,363.25
05/31/2021,362.76,362.76,362.76,362.76
05/28/2021,362.76,362.76,362.76,362.76
05/27/2021,362.59,362.59,362.59,362.59
05/26/2021,359.93,359.93,359.93,359.93
05/25/2021,359.66,359.66,359.66,359.66
05/24/2021,363.01,363.01,363.01,363.01
05/21/2021,360.67,360.67,360.67,360.67
05/20/2021,359.7,359.7,359.7,359.7
05/19/2021,359.19,359.19,359.19,359.19
05/18/2021,360.84,360.84,360.84,360.84
05/17/2021,362.84,362.84,362.84,362.84
05/14/2021,364.76,364.76,364.76,364.76
05/13/2021,360.11,360.11,360.11,360.11
05/12/2021,355.0,355.0,355.0,355.0
05/11/2021,358.45,358.45,358.45,358.45
05/10/2021,366.83,366.83,366.83,366.83
05/07/2021,365.23,365.23,365.23,365.23
05/06/2021,364.12,364.12,364.12,364.12
05/05/2021,355.8,355.8,355.8,355.8
05/04/2021,352.77,352.77,352.77,352.77
05/03/2021,351.54,351.54,351.54,351.54
04/30/2021,346.6,346.6,346.6,346.6
04/29/2021,349.67,349.67,349.67,349.67
04/28/2021,344.07,344.07,344.07,344.07
04/27/2021,344.99,344.99,344.99,344.99
04/26/2021,341.57,341.57,341.57,341.57
04/23/2021,342.92,342.92,342.92,342.92
04/22/2021,339.86,339.86,339.86,339.86
04/21/2021,343.3,343.3,343.3,343.3
04/20/2021,337.77,337.77,337.77,337.77
04/19/2021,340.88,340.88,340.88,340.88
04/16/2021,343.0,343.0,343.0,343.0
04/15/2021,339.57,339.57,339.57,339.57
04/14/2021,337.58,337.58,337.58,337.58
04/13/2021,336.88,336.88,336.88,336.88
04/12/2021,337.8,337.8,337.8,337.8
04/09/2021,335.37,335.37,335.37,335.37
04/08/2021,332.31,332.31,332.31,332.31
04/07/2021,332.51,332.51,332.51,332.51
04/06/2021,331.71,331.71,331.71,331.71
04/05/2021,331.09,331.09,331.09,331.09
04/02/2021,325.76,325.76,325.76,325.76
04/01/2021,325.76,325.76,325.76,325.76
03/31/2021,322.22,322.22,322.22,322.22
03/30/2021,325.88,325.88,325.88,325.88
03/29/2021,326.57,326.57,326.57,326.57
03/26/2021,324.13,324.13,324.13,324.13
03/25/2021,316.74,316.74,316.74,316.74
03/24/2021,315.11,315.11,315.11,315.11
03/23/2021,313.43,313.43,313.43,313.43
03/22/2021,316.01,316.01,316.01,316.01
03/19/2021,317.02,317.02,317.02,317.02
03/18/2021,319.2,319.2,319.2,319.2
03/17/2021,318.73,318.73,318.73,318.73
03/16/2021,318.23,318.23,318.23,318.23
03/15/2021,322.13,322.13,322.13,322.13
03/12/2021,328.22,328.22,328.22,328.22
03/11/2021,329.07,329.07,329.07,329.07
03/10/2021,332.81,332.81,332.81,332.81
03/09/2021,326.61,326.61,326.61,326.61
03/08/2021,325.17,325.17,325.17,325.17
03/05/2021,319.53,319.53,319.53,319.53
03/04/2021,309.92,309.92,309.92,309.92
03/03/2021,317.36,317.36,317.36,317.36
03/02/2021,314.52,314.52,314.52,314.52
03/01/2021,314.62,314.62,314.62,314.62
02/26/2021,304.06,304.06,304.06,304.06
02/25/2021,307.83,307.83,307.83,307.83
02/24/2021,313.83,313.83,313.83,313.83
02/23/2021,310.01,310.01,310.01,310.01
02/22/2021,309.28,309.28,309.28,309.28
02/19/2021,305.39,305.39,305.39,305.39
02/18/2021,307.26,307.26,307.26,307.26
02/17/2021,309.33,309.33,309.33,309.33
02/16/2021,309.08,309.08,309.08,309.08
02/15/2021,305.81,305.81,305.81,305.81
02/12/2021,305.81,305.81,305.81,305.81
02/11/2021,302.75,302.75,302.75,302.75
02/10/2021,302.51,302.51,302.51,302.51
02/09/2021,302.57,302.57,302.57,302.57
02/08/2021,299.39,299.39,299.39,299.39
02/05/2021,296.38,296.38,296.38,296.38
02/04/2021,297.22,297.22,297.22,297.22
02/03/2021,292.98,292.98,292.98,292.98
02/02/2021,292.37,292.37,292.37,292.37
02/01/2021,288.76,288.76,288.76,288.76
01/29/2021,286.94,286.94,286.94,286.94
01/28/2021,290.94,290.94,290.94,290.94
01/27/2021,286.6,286.6,286.6,286.6
01/26/2021,292.03,292.03,292.03,292.03
01/25/2021,293.87,293.87,293.87,293.87
01/22/2021,293.83,293.83,293.83,293.83
01/21/2021,295.5,295.5,295.5,295.5
01/20/2021,296.54,296.54,296.54,296.54
01/19/2021,296.12,296.12,296.12,296.12
01/18/2021,294.79,294.79,294.79,294.79
01/15/2021,294.79,294.79,294.79,294.79
01/14/2021,297.02,297.02,297.02,297.02
01/13/2021,296.5,296.5,296.5,296.5
01/12/2021,294.92,294.92,294.92,294.92
01/11/2021,295.24,295.24,295.24,295.24
01/08/2021,295.98,295.98,295.98,295.98
01/07/2021,294.77,294.77,294.77,294.77
01/06/2021,291.74,291.74,291.74,291.74
01/05/2021,287.45,287.45,287.45,287.45
01/04/2021,288.69,288.69,288.69,288.69
12/31/2020,293.23,293.23,293.23,293.23
12/30/2020,290.39,290.39,290.39,290.39
12/29/2020,290.22,290.22,290.22,290.22
12/28/2020,288.88,288.88,288.88,288.88
12/25/2020,286.49,286.49,286.49,286.49
12/24/2020,286.49,286.49,286.49,286.49
12/23/2020,283.81,283.81,283.81,283.81
12/22/2020,280.8,280.8,280.8,280.8
12/21/2020,282.89,282.89,282.89,282.89
12/18/2020,283.1,283.1,283.1,283.1
12/17/2020,284.86,284.86,284.86,284.86
12/16/2020,281.58,281.58,281.58,281.58
12/15/2020,284.53,284.53,284.53,284.53
12/14/2020,282.41,282.41,282.41,282.41
12/11/2020,286.77,286.77,286.77,286.77
12/10/2020,288.06,288.06,288.06,288.06
12/09/2020,288.18,288.18,288.18,288.18
12/08/2020,288.92,288.92,288.92,288.92
12/07/2020,290.01,290.01,290.01,290.01
12/04/2020,292.86,292.86,292.86,292.86
12/03/2020,292.23,292.23,292.23,292.23
12/02/2020,291.7,291.7,291.7,291.7
12/01/2020,290.74,290.74,290.74,290.74
11/30/2020,289.36,289.36,289.36,289.36
11/27/2020,293.13,293.13,293.13,293.13
11/26/2020,295.17,295.17,295.17,295.17
11/25/2020,295.17,295.17,295.17,295.17
11/24/2020,296.49,296.49,296.49,296.49
11/23/2020,290.76,290.76,290.76,290.76
11/20/2020,287.49,287.49,287.49,287.49
11/19/2020,290.79,290.79,290.79,290.79
11/18/2020,291.61,291.61,291.61,291.61
11/17/2020,295.5,295.5,295.5,295.5
11/16/2020,295.38,295.38,295.38,295.38
11/13/2020,288.17,288.17,288.17,288.17
11/12/2020,284.59,284.59,284.59,284.59
11/11/2020,288.07,288.07,288.07,288.07
11/10/2020,289.87,289.87,289.87,289.87
11/09/2020,281.38,281.38,281.38,281.38
11/06/2020,264.74,264.74,264.74,264.74
11/05/2020,263.06,263.06,263.06,263.06
11/04/2020,261.26,261.26,261.26,261.26
11/03/2020,262.04,262.04,262.04,262.04
11/02/2020,258.92,258.92,258.92,258.92
10/30/2020,255.66,255.66,255.66,255.66
10/29/2020,255.43,255.43,255.43,255.43
10/28/2020,254.05,254.05,254.05,254.05
10/27/2020,262.01,262.01,262.01,262.01
10/26/2020,264.37,264.37,264.37,264.37
10/23/2020,269.8,269.8,269.8,269.8
10/22/2020,268.35,268.35,268.35,268.35
10/21/2020,266.38,266.38,266.38,266.38
10/20/2020,265.93,265.93,265.93,265.93
10/19/2020,264.48,264.48,264.48,264.48
10/16/2020,268.14,268.14,268.14,268.14
10/15/2020,267.81,267.81,267.81,267.81
10/14/2020,266.96,266.96,266.96,266.96
10/13/2020,268.71,268.71,268.71,268.71
10/12/2020,273.94,273.94,273.94,273.94
10/09/2020,272.79,272.79,272.79,272.79
10/08/2020,272.09,272.09,272.09,272.09
10/07/2020,269.52,269.52,269.52,269.52
10/06/2020,265.87,265.87,265.87,265.87
10/05/2020,268.67,268.67,268.67,268.67
10/02/2020,266.88,266.88,266.88,266.88
10/01/2020,267.73,267.73,267.73,267.73
09/30/2020,268.74,268.74,268.74,268.74
09/29/2020,265.78,265.78,265.78,265.78
09/28/2020,269.64,269.64,269.64,269.64
09/25/2020,265.56,265.56,265.56,265.56
09/24/2020,263.5,263.5,263.5,263.5
09/23/2020,264.44,264.44,264.44,264.44
09/22/2020,270.21,270.21,270.21,270.21
09/21/2020,268.92,268.92,268.92,268.92
09/18/2020,275.14,275.14,275.14,275.14
09/17/2020,275.12,275.12,275.12,275.12
09/16/2020,277.14,277.14,277.14,277.14
09/15/2020,276.37,276.37,276.37,276.37
09/14/2020,277.88,277.88,277.88,277.88
09/11/2020,275.31,275.31,275.31,275.31
09/10/2020,275.31,275.31,275.31,275.31
09/09/2020,277.77,277.77,277.77,277.77
09/08/2020,275.22,275.22,275.22,275.22
09/07/2020,276.08,276.08,276.08,276.08
09/04/2020,276.08,276.08,276.08,276.08
09/04/2017,232.25,232.25,232.25,232.25
09/01/2017,232.25,232.25,232.25,232.25
08/31/2017,232.9,232.9,232.9,232.9
08/30/2017,231.96,231.96,231.96,231.96
08/29/2017,229.91,229.91,229.91,229.91
08/28/2017,230.1,230.1,230.1,230.1
08/25/2017,231.62,231.62,231.62,231.62
08/24/2017,230.09,230.09,230.09,230.09
08/23/2017,232.17,232.17,232.17,232.17
08/22/2017,232.82,232.82,232.82,232.82
08/21/2017,230.23,230.23,230.23,230.23
08/18/2017,229.35,229.35,229.35,229.35
08/17/2017,228.91,228.91,228.91,228.91
08/16/2017,230.88,230.88,230.88,230.88
08/15/2017,229.67,229.67,229.67,229.67
08/14/2017,229.5,229.5,229.5,229.5
08/11/2017,227.0,227.0,227.0,227.0
08/10/2017,228.33,228.33,228.33,228.33
08/09/2017,230.36,230.36,230.36,230.36
08/08/2017,228.36,228.36,228.36,228.36
08/07/2017,230.21,230.21,230.21,230.21
08/04/2017,232.51,232.51,232.51,232.51
08/03/2017,231.48,231.48,231.48,231.48
08/02/2017,230.16,230.16,230.16,230.16
08/01/2017,228.24,228.24,228.24,228.24
07/31/2017,226.59,226.59,226.59,226.59
07/28/2017,225.25,225.25,225.25,225.25
07/27/2017,223.79,223.79,223.79,223.79
07/26/2017,224.02,224.02,224.02,224.02
07/25/2017,224.2,224.2,224.2,224.2
07/24/2017,222.37,222.37,222.37,222.37
07/21/2017,222.27,222.27,222.27,222.27
07/20/2017,222.12,222.12,222.12,222.12
07/19/2017,221.91,221.91,221.91,221.91
07/18/2017,220.69,220.69,220.69,220.69
07/17/2017,220.53,220.53,220.53,220.53
07/14/2017,219.57,219.57,219.57,219.57
07/13/2017,219.86,219.86,219.86,219.86
07/12/2017,220.06,220.06,220.06,220.06
07/11/2017,219.21,219.21,219.21,219.21
07/10/2017,220.56,220.56,220.56,220.56
07/07/2017,221.63,221.63,221.63,221.63
07/06/2017,220.35,220.35,220.35,220.35
07/05/2017,222.4,222.4,222.4,222.4
07/04/2017,222.41,222.41,222.41,222.41
07/03/2017,222.41,222.41,222.41,222.41
06/30/2017,219.08,219.08,219.08,219.08
06/29/2017,219.09,219.09,219.09,219.09
06/28/2017,219.8,219.8,219.8,219.8
06/27/2017,216.64,216.64,216.64,216.64
06/26/2017,216.86,216.86,216.86,216.86
06/23/2017,216.45,216.45,216.45,216.45
06/22/2017,217.85,217.85,217.85,217.85
06/21/2017,219.47,219.47,219.47,219.47
06/20/2017,220.57,220.57,220.57,220.57
06/19/2017,221.91,221.91,221.91,221.91
06/16/2017,220.61,220.61,220.61,220.61
06/15/2017,220.49,220.49,220.49,220.49
06/14/2017,221.56,221.56,221.56,221.56
06/13/2017,221.64,221.64,221.64,221.64
06/12/2017,220.53,220.53,220.53,220.53
06/09/2017,219.92,219.92,219.92,219.92
06/08/2017,216.1,216.1,216.1,216.1
06/07/2017,215.43,215.43,215.43,215.43
06/06/2017,215.03,215.03,215.03,215.03
06/05/2017,215.69,215.69,215.69,215.69
06/02/2017,215.62,215.62,215.62,215.62
06/01/2017,216.14,216.14,216.14,216.14
05/31/2017,214.31,214.31,214.31,214.31
05/30/2017,213.88,213.88,213.88,213.88
05/29/2017,214.65,214.65,214.65,214.65
05/26/2017,214.65,214.65,214.65,214.65
05/25/2017,214.17,214.17,214.17,214.17
05/24/2017,213.63,213.63,213.63,213.63
05/23/2017,214.21,214.21,214.21,214.21
05/22/2017,213.69,213.69,213.69,213.69
05/19/2017,211.42,211.42,211.42,211.42
05/18/2017,209.44,209.44,209.44,209.44
05/17/2017,208.87,208.87,208.87,208.87
05/16/2017,211.89,211.89,211.89,211.89
05/15/2017,212.13,212.13,212.13,212.13
05/12/2017,211.5,211.5,211.5,211.5
05/11/2017,211.54,211.54,211.54,211.54
05/10/2017,212.14,212.14,212.14,212.14
05/09/2017,211.78,211.78,211.78,211.78
05/08/2017,213.86,213.86,213.86,213.86
05/05/2017,215.72,215.72,215.72,215.72
05/04/2017,215.58,215.58,215.58,215.58
05/03/2017,215.98,215.98,215.98,215.98
05/02/2017,215.25,215.25,215.25,215.25
05/01/2017,214.58,214.58,214.58,214.58
04/28/2017,214.3,214.3,214.3,214.3
04/27/2017,216.17,216.17,216.17,216.17
04/26/2017,217.59,217.59,217.59,217.59
04/25/2017,217.29,217.29,217.29,217.29
04/24/2017,214.77,214.77,214.77,214.77
04/21/2017,211.68,211.68,211.68,211.68
04/20/2017,213.64,213.64,213.64,213.64
04/19/2017,210.88,210.88,210.88,210.88
04/18/2017,211.98,211.98,211.98,211.98
04/17/2017,212.82,212.82,212.82,212.82
04/14/2017,210.83,210.83,210.83,210.83
04/13/2017,210.83,210.83,210.83,210.83
04/12/2017,213.65,213.65,213.65,213.65
04/11/2017,214.46,214.46,214.46,214.46
04/10/2017,215.19,215.19,215.19,215.19
04/07/2017,214.9,214.9,214.9,214.9
04/06/2017,215.33,215.33,215.33,215.33
04/05/2017,214.58,214.58,214.58,214.58
04/04/2017,216.06,216.06,216.06,216.06
04/03/2017,215.94,215.94,215.94,215.94
03/31/2017,215.77,215.77,215.77,215.77
03/30/2017,216.61,216.61,216.61,216.61
03/29/2017,215.58,215.58,215.58,215.58
03/28/2017,217.69,217.69,217.69,217.69
03/27/2017,216.49,216.49,216.49,216.49
03/24/2017,218.03,218.03,218.03,218.03
03/23/2017,219.53,219.53,219.53,219.53
03/22/2017,218.85,218.85,218.85,218.85
03/21/2017,219.01,219.01,219.01,219.01
03/20/2017,222.27,222.27,222.27,222.27
03/17/2017,223.26,223.26,223.26,223.26
03/16/2017,224.71,224.71,224.71,224.71
03/15/2017,225.44,225.44,225.44,225.44
03/14/2017,225.45,225.45,225.45,225.45
03/13/2017,226.2,226.2,226.2,226.2
03/10/2017,225.73,225.73,225.73,225.73
03/09/2017,226.08,226.08,226.08,226.08
03/08/2017,225.64,225.64,225.64,225.64
03/07/2017,226.04,226.04,226.04,226.04
03/06/2017,226.17,226.17,226.17,226.17
03/03/2017,226.71,226.71,226.71,226.71
03/02/2017,227.03,227.03,227.03,227.03
03/01/2017,228.86,228.86,228.86,228.86
02/28/2017,221.72,221.72,221.72,221.72
02/27/2017,220.72,220.72,220.72,220.72
02/24/2017,220.26,220.26,220.26,220.26
02/23/2017,220.23,220.23,220.23,220.23
02/22/2017,219.6,219.6,219.6,219.6
02/21/2017,218.76,218.76,218.76,218.76
02/20/2017,218.4,218.4,218.4,218.4
02/17/2017,218.4,218.4,218.4,218.4
02/16/2017,217.47,217.47,217.47,217.47
02/15/2017,216.79,216.79,216.79,216.79
02/14/2017,216.3,216.3,216.3,216.3
02/13/2017,215.03,215.03,215.03,215.03
02/10/2017,212.78,212.78,212.78,212.78
02/09/2017,212.76,212.76,212.76,212.76
02/08/2017,211.37,211.37,211.37,211.37
02/07/2017,211.4,211.4,211.4,211.4
02/06/2017,211.81,211.81,211.81,211.81
02/03/2017,212.47,212.47,212.47,212.47
02/02/2017,211.43,211.43,211.43,211.43
02/01/2017,212.0,212.0,212.0,212.0
01/31/2017,212.42,212.42,212.42,212.42
01/30/2017,213.16,213.16,213.16,213.16
01/27/2017,212.84,212.84,212.84,212.84
01/26/2017,213.55,213.55,213.55,213.55
01/25/2017,212.63,212.63,212.63,212.63
01/24/2017,208.4,208.4,208.4,208.4
01/23/2017,206.14,206.14,206.14,206.14
01/20/2017,207.76,207.76,207.76,207.76
01/19/2017,206.88,206.88,206.88,206.88
01/18/2017,208.25,208.25,208.25,208.25
01/17/2017,207.06,207.06,207.06,207.06
01/16/2017,209.8,209.8,209.8,209.8
01/13/2017,209.8,209.8,209.8,209.8
01/12/2017,209.22,209.22,209.22,209.22
01/11/2017,210.17,210.17,210.17,210.17
01/10/2017,209.21,209.21,209.21,209.21
01/09/2017,209.65,209.65,209.65,209.65
01/06/2017,211.48,211.48,211.48,211.48
01/05/2017,211.3,211.3,211.3,211.3
01/04/2017,212.27,212.27,212.27,212.27
01/03/2017,211.77,211.77,211.77,211.77
01/02/2017,210.84,210.84,210.84,210.84
12/30/2016,210.84,210.84,210.84,210.84
12/29/2016,210.91,210.91,210.91,210.91
12/28/2016,211.68,211.68,211.68,211.68
12/27/2016,213.19,213.19,213.19,213.19
12/26/2016,213.66,213.66,213.66,213.66
12/23/2016,213.66,213.66,213.66,213.66
12/22/2016,214.46,214.46,214.46,214.46
12/21/2016,214.3,214.3,214.3,214.3
12/20/2016,214.81,214.81,214.81,214.81
12/19/2016,213.67,213.67,213.67,213.67
12/16/2016,212.52,212.52,212.52,212.52
12/15/2016,213.68,213.68,213.68,213.68
12/14/2016,213.05,213.05,213.05,213.05
12/13/2016,214.94,214.94,214.94,214.94
12/12/2016,214.48,214.48,214.48,214.48
12/09/2016,212.94,212.94,212.94,212.94
12/08/2016,212.09,212.09,212.09,212.09
12/07/2016,212.59,212.59,212.59,212.59
12/06/2016,208.59,208.59,208.59,208.59
12/05/2016,207.08,207.08,207.08,207.08
12/02/2016,206.12,206.12,206.12,206.12
12/01/2016,207.0,207.0,207.0,207.0
11/30/2016,203.81,203.81,203.81,203.81
11/29/2016,204.18,204.18,204.18,204.18
11/28/2016,203.28,203.28,203.28,203.28
11/25/2016,204.76,204.76,204.76,204.76
11/24/2016,204.61,204.61,204.61,204.61
11/23/2016,204.61,204.61,204.61,204.61
11/22/2016,205.16,205.16,205.16,205.16
11/21/2016,205.3,205.3,205.3,205.3
11/18/2016,204.16,204.16,204.16,204.16
11/17/2016,204.95,204.95,204.95,204.95
11/16/2016,203.41,203.41,203.41,203.41
11/15/2016,203.83,203.83,203.83,203.83
11/14/2016,204.25,204.25,204.25,204.25
11/11/2016,202.87,202.87,202.87,202.87
11/10/2016,201.71,201.71,201.71,201.71
11/09/2016,195.88,195.88,195.88,195.88
11/08/2016,191.77,191.77,191.77,191.77
11/07/2016,190.69,190.69,190.69,190.69
11/04/2016,185.92,185.92,185.92,185.92
11/03/2016,186.73,186.73,186.73,186.73
11/02/2016,186.18,186.18,186.18,186.18
11/01/2016,186.67,186.67,186.67,186.67
10/31/2016,187.44,187.44,187.44,187.44
10/28/2016,187.01,187.01,187.01,187.01
10/27/2016,187.54,187.54,187.54,187.54
10/26/2016,187.04,187.04,187.04,187.04
10/25/2016,186.41,186.41,186.41,186.41
10/24/2016,186.6,186.6,186.6,186.6
10/21/2016,186.28,186.28,186.28,186.28
10/20/2016,187.35,187.35,187.35,187.35
10/19/2016,187.98,187.98,187.98,187.98
10/18/2016,187.36,187.36,187.36,187.36
10/17/2016,186.8,186.8,186.8,186.8
10/14/2016,187.21,187.21,187.21,187.21
10/13/2016,186.04,186.04,186.04,186.04
10/12/2016,188.0,188.0,188.0,188.0
10/11/2016,186.71,186.71,186.71,186.71
10/10/2016,188.23,188.23,188.23,188.23
10/07/2016,187.26,187.26,187.26,187.26
10/06/2016,186.14,186.14,186.14,186.14
10/05/2016,186.65,186.65,186.65,186.65
10/04/2016,185.5,185.5,185.5,185.5
10/03/2016,185.1,185.1,185.1,185.1
09/30/2016,186.03,186.03,186.03,186.03
09/29/2016,185.0,185.0,185.0,185.0
09/28/2016,187.2,187.2,187.2,187.2
09/27/2016,187.08,187.08,187.08,187.08
09/26/2016,185.68,185.68,185.68,185.68
09/23/2016,186.74,186.74,186.74,186.74
09/22/2016,188.79,188.79,188.79,188.79
09/21/2016,188.56,188.56,188.56,188.56
09/20/2016,186.44,186.44,186.44,186.44
09/19/2016,186.73,186.73,186.73,186.73
09/16/2016,186.33,186.33,186.33,186.33
09/15/2016,188.41,188.41,188.41,188.41
09/14/2016,187.27,187.27,187.27,187.27
09/13/2016,187.91,187.91,187.91,187.91
09/12/2016,191.3,191.3,191.3,191.3
09/09/2016,188.43,188.43,188.43,188.43
09/08/2016,192.45,192.45,192.45,192.45
09/07/2016,192.37,192.37,192.37,192.37
09/06/2016,193.19,193.19,193.19,193.19
09/05/2016,193.43,193.43,193.43,193.43
09/04/2020,276.08,276.08,276.08,276.08
09/03/2020,275.87,275.87,275.87,275.87
09/02/2020,280.18,280.18,280.18,280.18
09/01/2020,276.41,276.41,276.41,276.41
08/31/2020,275.82,275.82,275.82,275.82
08/28/2020,276.57,276.57,276.57,276.57
08/27/2020,274.68,274.68,274.68,274.68
08/26/2020,271.69,271.69,271.69,271.69
08/25/2020,270.24,270.24,270.24,270.24
08/24/2020,269.33,269.33,269.33,269.33
08/21/2020,262.68,262.68,262.68,262.68
08/20/2020,261.33,261.33,261.33,261.33
08/19/2020,262.74,262.74,262.74,262.74
08/18/2020,264.22,264.22,264.22,264.22
08/17/2020,262.46,262.46,262.46,262.46
08/14/2020,267.62,267.62,267.62,267.62
08/13/2020,268.81,268.81,268.81,268.81
08/12/2020,270.5,270.5,270.5,270.5
08/11/2020,269.91,269.91,269.91,269.91
08/10/2020,269.89,269.89,269.89,269.89
08/07/2020,266.1,266.1,266.1,266.1
08/06/2020,260.25,260.25,260.25,260.25
08/05/2020,258.67,258.67,258.67,258.67
08/04/2020,254.11,254.11,254.11,254.11
08/03/2020,253.13,253.13,253.13,253.13
07/31/2020,248.85,248.85,248.85,248.85
07/30/2020,246.98,246.98,246.98,246.98
07/29/2020,249.8,249.8,249.8,249.8
07/28/2020,246.79,246.79,246.79,246.79
07/27/2020,244.52,244.52,244.52,244.52
07/24/2020,247.61,247.61,247.61,247.61
07/23/2020,246.17,246.17,246.17,246.17
07/22/2020,244.84,244.84,244.84,244.84
07/21/2020,244.86,244.86,244.86,244.86
07/20/2020,242.57,242.57,242.57,242.57
07/17/2020,243.05,243.05,243.05,243.05
07/16/2020,243.38,243.38,243.38,243.38
07/15/2020,242.45,242.45,242.45,242.45
07/14/2020,240.83,240.83,240.83,240.83
07/13/2020,233.85,233.85,233.85,233.85
07/10/2020,232.39,232.39,232.39,232.39
07/09/2020,226.89,226.89,226.89,226.89
07/08/2020,230.19,230.19,230.19,230.19
07/07/2020,230.03,230.03,230.03,230.03
07/06/2020,232.27,232.27,232.27,232.27
07/03/2020,227.45,227.45,227.45,227.45
07/02/2020,227.45,227.45,227.45,227.45
07/01/2020,226.61,226.61,226.61,226.61
06/30/2020,227.29,227.29,227.29,227.29
06/29/2020,225.43,225.43,225.43,225.43
06/26/2020,223.12,223.12,223.12,223.12
06/24/2020,226.08,226.08,226.08,226.08
06/23/2020,230.74,230.74,230.74,230.74
06/22/2020,229.87,229.87,229.87,229.87
06/19/2020,229.46,229.46,229.46,229.46
06/18/2020,230.75,230.75,230.75,230.75
06/17/2020,230.93,230.93,230.93,230.93
06/16/2020,233.02,233.02,233.02,233.02
06/15/2020,232.0,232.0,232.0,232.0
06/12/2020,231.52,231.52,231.52,231.52
06/11/2020,227.28,227.28,227.28,227.28
06/10/2020,244.34,244.34,244.34,244.34
06/09/2020,250.15,250.15,250.15,250.15
06/08/2020,257.05,257.05,257.05,257.05
06/05/2020,255.73,255.73,255.73,255.73
06/04/2020,245.19,245.19,245.19,245.19
06/03/2020,242.97,242.97,242.97,242.97
06/02/2020,236.84,236.84,236.84,236.84
06/01/2020,233.66,233.66,233.66,233.66
05/29/2020,235.91,235.91,235.91,235.91
05/28/2020,235.62,235.62,235.62,235.62
05/27/2020,236.53,236.53,236.53,236.53
05/26/2020,229.93,229.93,229.93,229.93
05/25/2020,223.37,223.37,223.37,223.37
05/22/2020,223.37,223.37,223.37,223.37
05/21/2020,223.4,223.4,223.4,223.4
05/20/2020,224.47,224.47,224.47,224.47
05/19/2020,219.56,219.56,219.56,219.56
05/18/2020,223.21,223.21,223.21,223.21
05/15/2020,215.0,215.0,215.0,215.0
05/14/2020,216.79,216.79,216.79,216.79
05/13/2020,216.34,216.34,216.34,216.34
05/12/2020,219.67,219.67,219.67,219.67
05/11/2020,222.2,222.2,222.2,222.2
05/08/2020,224.89,224.89,224.89,224.89
05/07/2020,220.34,220.34,220.34,220.34
05/06/2020,218.38,218.38,218.38,218.38
05/05/2020,223.42,223.42,223.42,223.42
05/04/2020,225.58,225.58,225.58,225.58
05/01/2020,231.22,231.22,231.22,231.22
04/30/2020,237.37,237.37,237.37,237.37
04/29/2020,240.78,240.78,240.78,240.78
04/28/2020,237.45,237.45,237.45,237.45
04/27/2020,237.65,237.65,237.65,237.65
04/24/2020,236.0,236.0,236.0,236.0
04/23/2020,235.01,235.01,235.01,235.01
04/22/2020,236.39,236.39,236.39,236.39
04/21/2020,232.59,232.59,232.59,232.59
04/20/2020,239.43,239.43,239.43,239.43
04/17/2020,242.71,242.71,242.71,242.71
04/16/2020,238.37,238.37,238.37,238.37
04/15/2020,239.35,239.35,239.35,239.35
04/14/2020,245.48,245.48,245.48,245.48
04/13/2020,240.44,240.44,240.44,240.44
04/10/2020,246.98,246.98,246.98,246.98
04/09/2020,246.98,246.98,246.98,246.98
04/08/2020,242.78,242.78,242.78,242.78
04/07/2020,235.44,235.44,235.44,235.44
04/06/2020,234.96,234.96,234.96,234.96
04/03/2020,225.72,225.72,225.72,225.72
04/02/2020,227.88,227.88,227.88,227.88
04/01/2020,223.12,223.12,223.12,223.12
03/31/2020,231.87,231.87,231.87,231.87
03/30/2020,232.58,232.58,232.58,232.58
03/27/2020,227.68,227.68,227.68,227.68
03/26/2020,233.01,233.01,233.01,233.01
03/25/2020,227.82,227.82,227.82,227.82
03/24/2020,224.93,224.93,224.93,224.93
03/23/2020,204.94,204.94,204.94,204.94
03/20/2020,214.92,214.92,214.92,214.92
03/19/2020,220.58,220.58,220.58,220.58
03/18/2020,217.57,217.57,217.57,217.57
03/17/2020,237.39,237.39,237.39,237.39
03/16/2020,224.9,224.9,224.9,224.9
03/13/2020,249.2,249.2,249.2,249.2
03/12/2020,223.64,223.64,223.64,223.64
03/11/2020,247.56,247.56,247.56,247.56
03/10/2020,258.11,258.11,258.11,258.11
03/09/2020,246.24,246.24,246.24,246.24
03/06/2020,263.18,263.18,263.18,263.18
03/05/2020,267.04,267.04,267.04,267.04
03/04/2020,278.54,278.54,278.54,278.54
03/03/2020,266.95,266.95,266.95,266.95
03/02/2020,277.94,277.94,277.94,277.94
02/28/2020,263.53,263.53,263.53,263.53
02/27/2020,265.89,265.89,265.89,265.89
02/26/2020,276.85,276.85,276.85,276.85
02/25/2020,279.55,279.55,279.55,279.55
02/24/2020,284.42,284.42,284.42,284.42
02/21/2020,294.08,294.08,294.08,294.08
02/20/2020,292.67,292.67,292.67,292.67
02/19/2020,294.03,294.03,294.03,294.03
02/18/2020,291.07,291.07,291.07,291.07
02/17/2020,291.23,291.23,291.23,291.23
02/14/2020,291.23,291.23,291.23,291.23
02/13/2020,290.9,290.9,290.9,290.9
02/12/2020,291.84,291.84,291.84,291.84
02/11/2020,291.99,291.99,291.99,291.99
02/10/2020,291.43,291.43,291.43,291.43
02/07/2020,291.67,291.67,291.67,291.67
02/06/2020,294.24,294.24,294.24,294.24
02/05/2020,293.1,293.1,293.1,293.1
02/04/2020,288.5,288.5,288.5,288.5
02/03/2020,286.43,286.43,286.43,286.43
01/31/2020,287.36,287.36,287.36,287.36
01/30/2020,291.76,291.76,291.76,291.76
01/29/2020,287.51,287.51,287.51,287.51
01/28/2020,287.32,287.32,287.32,287.32
01/27/2020,285.22,285.22,285.22,285.22
01/24/2020,290.79,290.79,290.79,290.79
01/23/2020,294.02,294.02,294.02,294.02
01/22/2020,294.24,294.24,294.24,294.24
01/21/2020,293.15,293.15,293.15,293.15
01/20/2020,295.17,295.17,295.17,295.17
01/17/2020,295.17,295.17,295.17,295.17
01/16/2020,294.5,294.5,294.5,294.5
01/15/2020,292.65,292.65,292.65,292.65
01/14/2020,291.14,291.14,291.14,291.14
01/13/2020,292.75,292.75,292.75,292.75
01/10/2020,290.45,290.45,290.45,290.45
01/09/2020,293.05,293.05,293.05,293.05
01/08/2020,289.76,289.76,289.76,289.76
01/07/2020,289.7,289.7,289.7,289.7
01/06/2020,291.25,291.25,291.25,291.25
01/03/2020,290.45,290.45,290.45,290.45
01/02/2020,293.2,293.2,293.2,293.2
12/31/2019,290.85,290.85,290.85,290.85
12/30/2019,289.97,289.97,289.97,289.97
12/27/2019,290.37,290.37,290.37,290.37
12/26/2019,290.65,290.65,290.65,290.65
12/25/2019,289.45,289.45,289.45,289.45
12/24/2019,289.45,289.45,289.45,289.45
12/23/2019,289.48,289.48,289.48,289.48
12/20/2019,290.79,290.79,290.79,290.79
12/19/2019,289.41,289.41,289.41,289.41
12/18/2019,289.26,289.26,289.26,289.26
12/17/2019,291.9,291.9,291.9,291.9
12/16/2019,291.4,291.4,291.4,291.4
12/13/2019,289.47,289.47,289.47,289.47
12/12/2019,290.21,290.21,290.21,290.21
12/11/2019,285.95,285.95,285.95,285.95
12/10/2019,284.32,284.32,284.32,284.32
12/09/2019,284.54,284.54,284.54,284.54
12/06/2019,285.83,285.83,285.83,285.83
12/05/2019,282.17,282.17,282.17,282.17
12/04/2019,280.64,280.64,280.64,280.64
12/03/2019,280.12,280.12,280.12,280.12
12/02/2019,283.06,283.06,283.06,283.06
11/29/2019,283.17,283.17,283.17,283.17
11/28/2019,283.61,283.61,283.61,283.61
11/27/2019,283.61,283.61,283.61,283.61
11/26/2019,281.55,281.55,281.55,281.55
11/25/2019,281.49,281.49,281.49,281.49
11/22/2019,280.14,280.14,280.14,280.14
11/21/2019,278.47,278.47,278.47,278.47
11/20/2019,279.61,279.61,279.61,279.61
11/19/2019,281.42,281.42,281.42,281.42
11/18/2019,281.73,281.73,281.73,281.73
11/15/2019,282.23,282.23,282.23,282.23
11/14/2019,281.89,281.89,281.89,281.89
11/13/2019,282.37,282.37,282.37,282.37
11/12/2019,283.81,283.81,283.81,283.81
11/11/2019,283.71,283.71,283.71,283.71
11/08/2019,284.21,284.21,284.21,284.21
11/07/2019,285.87,285.87,285.87,285.87
11/06/2019,284.94,284.94,284.94,284.94
11/05/2019,283.39,283.39,283.39,283.39
11/04/2019,280.03,280.03,280.03,280.03
11/01/2019,277.42,277.42,277.42,277.42
10/31/2019,273.42,273.42,273.42,273.42
10/30/2019,274.1,274.1,274.1,274.1
10/29/2019,273.85,273.85,273.85,273.85
10/28/2019,273.22,273.22,273.22,273.22
10/25/2019,271.92,271.92,271.92,271.92
10/24/2019,270.14,270.14,270.14,270.14
10/23/2019,271.0,271.0,271.0,271.0
10/22/2019,270.59,270.59,270.59,270.59
10/21/2019,271.87,271.87,271.87,271.87
10/18/2019,268.46,268.46,268.46,268.46
10/17/2019,268.27,268.27,268.27,268.27
10/16/2019,269.16,269.16,269.16,269.16
10/15/2019,269.24,269.24,269.24,269.24
10/14/2019,267.4,267.4,267.4,267.4
10/11/2019,267.57,267.57,267.57,267.57
10/10/2019,265.93,265.93,265.93,265.93
10/09/2019,265.75,265.75,265.75,265.75
10/08/2019,262.55,262.55,262.55,262.55
10/07/2019,266.69,266.69,266.69,266.69
10/04/2019,267.92,267.92,267.92,267.92
10/03/2019,263.94,263.94,263.94,263.94
10/02/2019,261.7,261.7,261.7,261.7
10/01/2019,266.36,266.36,266.36,266.36
09/30/2019,268.16,268.16,268.16,268.16
09/27/2019,267.45,267.45,267.45,267.45
09/26/2019,266.86,266.86,266.86,266.86
09/25/2019,268.2,268.2,268.2,268.2
09/24/2019,266.21,266.21,266.21,266.21
09/23/2019,268.02,268.02,268.02,268.02
09/20/2019,268.13,268.13,268.13,268.13
09/19/2019,269.35,269.35,269.35,269.35
09/18/2019,271.37,271.37,271.37,271.37
09/17/2019,270.45,270.45,270.45,270.45
09/16/2019,270.4,270.4,270.4,270.4
09/13/2019,274.41,274.41,274.41,274.41
09/12/2019,271.61,271.61,271.61,271.61
09/11/2019,271.22,271.22,271.22,271.22
09/10/2019,267.91,267.91,267.91,267.91
09/09/2019,265.93,265.93,265.93,265.93
09/06/2019,263.46,263.46,263.46,263.46
09/05/2019,262.82,262.82,262.82,262.82
09/04/2019,260.33,260.33,260.33,260.33
09/04/2019,260.33,260.33,260.33,260.33
09/03/2019,258.46,258.46,258.46,258.46
09/02/2019,261.22,261.22,261.22,261.22
08/30/2019,261.22,261.22,261.22,261.22
08/28/2019,257.64,257.64,257.64,257.64
08/27/2019,255.36,255.36,255.36,255.36
08/26/2019,257.69,257.69,257.69,257.69
08/23/2019,253.83,253.83,253.83,253.83
08/22/2019,258.76,258.76,258.76,258.76
08/21/2019,256.57,256.57,256.57,256.57
08/20/2019,255.19,255.19,255.19,255.19
08/19/2019,258.68,258.68,258.68,258.68
08/16/2019,257.17,257.17,257.17,257.17
08/15/2019,255.24,255.24,255.24,255.24
08/14/2019,252.16,252.16,252.16,252.16
08/13/2019,256.14,256.14,256.14,256.14
08/12/2019,254.05,254.05,254.05,254.05
08/09/2019,256.43,256.43,256.43,256.43
08/08/2019,258.23,258.23,258.23,258.23
08/07/2019,255.13,255.13,255.13,255.13
08/06/2019,257.82,257.82,257.82,257.82
08/05/2019,254.12,254.12,254.12,254.12
08/02/2019,260.43,260.43,260.43,260.43
08/01/2019,259.31,259.31,259.31,259.31
07/31/2019,263.98,263.98,263.98,263.98
07/30/2019,266.87,266.87,266.87,266.87
07/29/2019,268.24,268.24,268.24,268.24
07/26/2019,270.02,270.02,270.02,270.02
07/25/2019,267.31,267.31,267.31,267.31
07/24/2019,267.28,267.28,267.28,267.28
07/23/2019,265.35,265.35,265.35,265.35
07/22/2019,263.34,263.34,263.34,263.34
07/19/2019,264.71,264.71,264.71,264.71
07/18/2019,267.24,267.24,267.24,267.24
07/17/2019,266.58,266.58,266.58,266.58
07/16/2019,273.29,273.29,273.29,273.29
07/15/2019,274.19,274.19,274.19,274.19
07/12/2019,274.81,274.81,274.81,274.81
07/11/2019,273.58,273.58,273.58,273.58
07/10/2019,274.68,274.68,274.68,274.68
07/09/2019,275.57,275.57,275.57,275.57
07/08/2019,275.89,275.89,275.89,275.89
07/05/2019,276.06,276.06,276.06,276.06
07/04/2019,275.95,275.95,275.95,275.95
07/03/2019,275.95,275.95,275.95,275.95
07/02/2019,275.0,275.0,275.0,275.0
07/01/2019,275.12,275.12,275.12,275.12
06/28/2019,273.12,273.12,273.12,273.12
06/27/2019,271.54,271.54,271.54,271.54
06/26/2019,267.09,267.09,267.09,267.09
06/25/2019,266.98,266.98,266.98,266.98
06/24/2019,265.59,265.59,265.59,265.59
06/21/2019,264.82,264.82,264.82,264.82
06/20/2019,267.25,267.25,267.25,267.25
06/19/2019,265.54,265.54,265.54,265.54
06/18/2019,264.59,264.59,264.59,264.59
06/17/2019,261.47,261.47,261.47,261.47
06/14/2019,263.58,263.58,263.58,263.58
06/13/2019,263.23,263.23,263.23,263.23
06/12/2019,262.69,262.69,262.69,262.69
06/11/2019,265.05,265.05,265.05,265.05
06/10/2019,265.79,265.79,265.79,265.79
06/07/2019,264.2,264.2,264.2,264.2
06/06/2019,262.97,262.97,262.97,262.97
06/05/2019,261.27,261.27,261.27,261.27
06/04/2019,259.0,259.0,259.0,259.0
06/03/2019,255.48,255.48,255.48,255.48
05/31/2019,253.84,253.84,253.84,253.84
05/30/2019,256.5,256.5,256.5,256.5
05/29/2019,255.11,255.11,255.11,255.11
05/28/2019,256.49,256.49,256.49,256.49
05/27/2019,259.1,259.1,259.1,259.1
05/24/2019,259.1,259.1,259.1,259.1
05/23/2019,258.55,258.55,258.55,258.55
05/22/2019,260.2,260.2,260.2,260.2
05/21/2019,261.12,261.12,261.12,261.12
05/20/2019,260.36,260.36,260.36,260.36
05/17/2019,260.94,260.94,260.94,260.94
05/16/2019,262.62,262.62,262.62,262.62
05/15/2019,260.4,260.4,260.4,260.4
05/14/2019,261.19,261.19,261.19,261.19
05/13/2019,262.57,262.57,262.57,262.57
05/10/2019,267.64,267.64,267.64,267.64
05/09/2019,266.82,266.82,266.82,266.82
05/08/2019,267.62,267.62,267.62,267.62
05/07/2019,267.81,267.81,267.81,267.81
05/06/2019,272.11,272.11,272.11,272.11
05/03/2019,278.65,278.65,278.65,278.65
05/02/2019,275.37,275.37,275.37,275.37
05/01/2019,276.27,276.27,276.27,276.27
04/30/2019,276.34,276.34,276.34,276.34
04/29/2019,276.01,276.01,276.01,276.01
04/26/2019,273.13,273.13,273.13,273.13
04/25/2019,270.23,270.23,270.23,270.23
04/24/2019,268.72,268.72,268.72,268.72
04/23/2019,269.96,269.96,269.96,269.96
04/22/2019,267.43,267.43,267.43,267.43
04/19/2019,268.08,268.08,268.08,268.08
04/18/2019,268.08,268.08,268.08,268.08
04/17/2019,268.48,268.48,268.48,268.48
04/16/2019,270.25,270.25,270.25,270.25
04/15/2019,267.57,267.57,267.57,267.57
04/12/2019,268.57,268.57,268.57,268.57
04/11/2019,263.69,263.69,263.69,263.69
04/10/2019,260.85,260.85,260.85,260.85
04/09/2019,261.11,261.11,261.11,261.11
04/08/2019,261.69,261.69,261.69,261.69
04/05/2019,261.71,261.71,261.71,261.71
04/04/2019,260.18,260.18,260.18,260.18
04/03/2019,259.6,259.6,259.6,259.6
04/02/2019,259.84,259.84,259.84,259.84
04/01/2019,261.34,261.34,261.34,261.34
03/29/2019,256.24,256.24,256.24,256.24
03/28/2019,255.88,255.88,255.88,255.88
03/27/2019,254.11,254.11,254.11,254.11
03/26/2019,255.86,255.86,255.86,255.86
03/25/2019,254.42,254.42,254.42,254.42
03/22/2019,255.75,255.75,255.75,255.75
03/21/2019,260.57,260.57,260.57,260.57
03/20/2019,258.95,258.95,258.95,258.95
03/19/2019,261.53,261.53,261.53,261.53
03/18/2019,263.52,263.52,263.52,263.52
03/15/2019,260.61,260.61,260.61,260.61
03/14/2019,259.44,259.44,259.44,259.44
03/13/2019,260.17,260.17,260.17,260.17
03/12/2019,258.26,258.26,258.26,258.26
03/11/2019,257.76,257.76,257.76,257.76
03/08/2019,253.55,253.55,253.55,253.55
03/07/2019,254.31,254.31,254.31,254.31
03/06/2019,256.18,256.18,256.18,256.18
03/05/2019,257.2,257.2,257.2,257.2
03/04/2019,257.67,257.67,257.67,257.67
03/01/2019,259.43,259.43,259.43,259.43
02/28/2019,257.21,257.21,257.21,257.21
02/27/2019,258.31,258.31,258.31,258.31
02/26/2019,257.77,257.77,257.77,257.77
02/25/2019,258.31,258.31,258.31,258.31
02/22/2019,257.84,257.84,257.84,257.84
02/21/2019,261.88,261.88,261.88,261.88
02/20/2019,262.9,262.9,262.9,262.9
02/19/2019,262.22,262.22,262.22,262.22
02/18/2019,261.65,261.65,261.65,261.65
02/15/2019,261.65,261.65,261.65,261.65
02/14/2019,258.49,258.49,258.49,258.49
02/13/2019,262.15,262.15,262.15,262.15
02/12/2019,262.56,262.56,262.56,262.56
02/11/2019,258.99,258.99,258.99,258.99
02/08/2019,256.48,256.48,256.48,256.48
02/07/2019,257.51,257.51,257.51,257.51
02/06/2019,262.52,262.52,262.52,262.52
02/05/2019,264.67,264.67,264.67,264.67
02/04/2019,265.4,265.4,265.4,265.4
02/01/2019,266.3,266.3,266.3,266.3
01/31/2019,261.85,261.85,261.85,261.85
01/30/2019,262.31,262.31,262.31,262.31
01/29/2019,257.37,257.37,257.37,257.37
01/28/2019,256.35,256.35,256.35,256.35
01/25/2019,258.42,258.42,258.42,258.42
01/24/2019,256.38,256.38,256.38,256.38
01/23/2019,256.58,256.58,256.58,256.58
01/22/2019,255.96,255.96,255.96,255.96
01/21/2019,260.57,260.57,260.57,260.57
01/18/2019,260.57,260.57,260.57,260.57
01/17/2019,253.71,253.71,253.71,253.71
01/16/2019,253.12,253.12,253.12,253.12
01/15/2019,251.42,251.42,251.42,251.42
01/14/2019,249.92,249.92,249.92,249.92
01/11/2019,250.48,250.48,250.48,250.48
01/10/2019,250.87,250.87,250.87,250.87
01/09/2019,250.45,250.45,250.45,250.45
01/08/2019,250.37,250.37,250.37,250.37
01/07/2019,251.0,251.0,251.0,251.0
01/04/2019,249.1,249.1,249.1,249.1
01/03/2019,244.48,244.48,244.48,244.48
01/02/2019,258.01,258.01,258.01,258.01
12/31/2018,259.84,259.84,259.84,259.84
12/28/2018,257.16,257.16,257.16,257.16
12/27/2018,254.72,254.72,254.72,254.72
12/26/2018,251.46,251.46,251.46,251.46
12/25/2018,239.33,239.33,239.33,239.33
12/24/2018,239.33,239.33,239.33,239.33
12/21/2018,245.03,245.03,245.03,245.03
12/20/2018,246.91,246.91,246.91,246.91
12/19/2018,249.08,249.08,249.08,249.08
12/18/2018,250.75,250.75,250.75,250.75
12/17/2018,252.26,252.26,252.26,252.26
12/14/2018,254.86,254.86,254.86,254.86
12/13/2018,257.77,257.77,257.77,257.77
12/12/2018,258.02,258.02,258.02,258.02
12/11/2018,257.74,257.74,257.74,257.74
12/10/2018,259.18,259.18,259.18,259.18
12/07/2018,261.12,261.12,261.12,261.12
12/06/2018,264.72,264.72,264.72,264.72
12/05/2018,267.23,267.23,267.23,267.23
12/04/2018,267.23,267.23,267.23,267.23
12/03/2018,280.27,280.27,280.27,280.27
11/30/2018,277.06,277.06,277.06,277.06
11/29/2018,276.24,276.24,276.24,276.24
11/28/2018,276.03,276.03,276.03,276.03
11/27/2018,269.88,269.88,269.88,269.88
11/26/2018,267.8,267.8,267.8,267.8
11/23/2018,263.42,263.42,263.42,263.42
11/22/2018,267.89,267.89,267.89,267.89
11/21/2018,267.89,267.89,267.89,267.89
11/20/2018,267.72,267.72,267.72,267.72
11/19/2018,276.41,276.41,276.41,276.41
11/16/2018,276.86,276.86,276.86,276.86
11/15/2018,275.56,275.56,275.56,275.56
11/14/2018,273.74,273.74,273.74,273.74
11/13/2018,276.18,276.18,276.18,276.18
11/12/2018,273.15,273.15,273.15,273.15
11/09/2018,278.5,278.5,278.5,278.5
11/08/2018,281.97,281.97,281.97,281.97
11/07/2018,280.7,280.7,280.7,280.7
11/06/2018,277.21,277.21,277.21,277.21
11/05/2018,274.33,274.33,274.33,274.33
11/02/2018,262.75,262.75,262.75,262.75
11/01/2018,261.95,261.95,261.95,261.95
10/31/2018,261.08,261.08,261.08,261.08
10/30/2018,258.9,258.9,258.9,258.9
10/29/2018,254.37,254.37,254.37,254.37
10/26/2018,252.51,252.51,252.51,252.51
10/25/2018,256.54,256.54,256.54,256.54
10/24/2018,253.79,253.79,253.79,253.79
10/23/2018,259.12,259.12,259.12,259.12
10/22/2018,261.96,261.96,261.96,261.96
10/19/2018,266.56,266.56,266.56,266.56
10/18/2018,264.97,264.97,264.97,264.97
10/17/2018,267.42,267.42,267.42,267.42
10/16/2018,266.59,266.59,266.59,266.59
10/15/2018,260.79,260.79,260.79,260.79
10/12/2018,262.87,262.87,262.87,262.87
10/11/2018,261.04,261.04,261.04,261.04
10/10/2018,270.84,270.84,270.84,270.84
10/09/2018,284.09,284.09,284.09,284.09
10/08/2018,281.98,281.98,281.98,281.98
10/05/2018,278.82,278.82,278.82,278.82
10/04/2018,278.27,278.27,278.27,278.27
10/03/2018,275.21,275.21,275.21,275.21
10/02/2018,273.85,273.85,273.85,273.85
10/01/2018,273.04,273.04,273.04,273.04
09/28/2018,272.44,272.44,272.44,272.44
09/27/2018,275.45,275.45,275.45,275.45
09/26/2018,274.74,274.74,274.74,274.74
09/25/2018,277.18,277.18,277.18,277.18
09/24/2018,277.36,277.36,277.36,277.36
09/21/2018,280.36,280.36,280.36,280.36
09/20/2018,281.68,281.68,281.68,281.68
09/19/2018,280.67,280.67,280.67,280.67
09/18/2018,277.31,277.31,277.31,277.31
09/17/2018,274.8,274.8,274.8,274.8
09/14/2018,275.03,275.03,275.03,275.03
09/13/2018,273.02,273.02,273.02,273.02
09/12/2018,272.36,272.36,272.36,272.36
09/11/2018,272.79,272.79,272.79,272.79
09/10/2018,272.76,272.76,272.76,272.76
09/07/2018,271.68,271.68,271.68,271.68
09/06/2018,270.53,270.53,270.53,270.53
09/05/2018,269.94,269.94,269.94,269.94
09/04/2018,267.29,267.29,267.29,267.29
09/04/2014,174.29,174.29,174.29,174.29
09/03/2014,174.14,174.14,174.14,174.14
09/02/2014,174.52,174.52,174.52,174.52
09/01/2014,173.6,173.6,173.6,173.6
08/29/2014,173.6,173.6,173.6,173.6
08/28/2014,172.23,172.23,172.23,172.23
08/27/2014,172.72,172.72,172.72,172.72
08/26/2014,172.25,172.25,172.25,172.25
08/25/2014,172.28,172.28,172.28,172.28
08/22/2014,171.61,171.61,171.61,171.61
08/21/2014,172.92,172.92,172.92,172.92
08/20/2014,170.64,170.64,170.64,170.64
08/19/2014,170.64,170.64,170.64,170.64
08/18/2014,170.81,170.81,170.81,170.81
08/15/2014,170.01,170.01,170.01,170.01
08/14/2014,171.03,171.03,171.03,171.03
08/13/2014,168.41,168.41,168.41,168.41
08/12/2014,168.22,168.22,168.22,168.22
08/11/2014,166.98,166.98,166.98,166.98
08/08/2014,165.71,165.71,165.71,165.71
08/07/2014,163.38,163.38,163.38,163.38
08/06/2014,163.6,163.6,163.6,163.6
08/05/2014,162.29,162.29,162.29,162.29
08/04/2014,164.3,164.3,164.3,164.3
08/01/2014,159.94,159.94,159.94,159.94
07/31/2014,159.31,159.31,159.31,159.31
07/30/2014,162.01,162.01,162.01,162.01
07/29/2014,161.95,161.95,161.95,161.95
07/28/2014,163.42,163.42,163.42,163.42
07/25/2014,162.52,162.52,162.52,162.52
07/24/2014,163.5,163.5,163.5,163.5
07/23/2014,163.41,163.41,163.41,163.41
07/22/2014,163.58,163.58,163.58,163.58
07/21/2014,163.66,163.66,163.66,163.66
07/18/2014,163.33,163.33,163.33,163.33
07/17/2014,161.29,161.29,161.29,161.29
07/16/2014,163.39,163.39,163.39,163.39
07/15/2014,163.95,163.95,163.95,163.95
07/14/2014,164.4,164.4,164.4,164.4
07/11/2014,163.9,163.9,163.9,163.9
07/10/2014,163.71,163.71,163.71,163.71
07/09/2014,164.11,164.11,164.11,164.11
07/08/2014,163.5,163.5,163.5,163.5
07/07/2014,163.93,163.93,163.93,163.93
07/04/2014,164.65,164.65,164.65,164.65
07/03/2014,164.65,164.65,164.65,164.65
07/02/2014,162.78,162.78,162.78,162.78
07/01/2014,162.45,162.45,162.45,162.45
06/30/2014,161.44,161.44,161.44,161.44
06/27/2014,162.12,162.12,162.12,162.12
06/26/2014,161.75,161.75,161.75,161.75
06/25/2014,161.9,161.9,161.9,161.9
06/24/2014,161.42,161.42,161.42,161.42
06/23/2014,161.32,161.32,161.32,161.32
06/20/2014,161.45,161.45,161.45,161.45
06/19/2014,162.13,162.13,162.13,162.13
06/18/2014,162.05,162.05,162.05,162.05
06/17/2014,160.73,160.73,160.73,160.73
06/16/2014,160.73,160.73,160.73,160.73
06/13/2014,161.35,161.35,161.35,161.35
06/12/2014,162.14,162.14,162.14,162.14
06/11/2014,163.25,163.25,163.25,163.25
06/10/2014,163.36,163.36,163.36,163.36
06/09/2014,163.06,163.06,163.06,163.06
06/06/2014,163.84,163.84,163.84,163.84
06/05/2014,163.31,163.31,163.31,163.31
06/04/2014,162.16,162.16,162.16,162.16
06/03/2014,161.6,161.6,161.6,161.6
06/02/2014,162.58,162.58,162.58,162.58
05/30/2014,163.2,163.2,163.2,163.2
05/29/2014,162.94,162.94,162.94,162.94
05/28/2014,162.13,162.13,162.13,162.13
05/27/2014,162.26,162.26,162.26,162.26
05/26/2014,161.36,161.36,161.36,161.36
05/23/2014,161.36,161.36,161.36,161.36
05/22/2014,161.54,161.54,161.54,161.54
05/21/2014,161.08,161.08,161.08,161.08
05/20/2014,160.32,160.32,160.32,160.32
05/19/2014,161.53,161.53,161.53,161.53
05/16/2014,161.11,161.11,161.11,161.11
05/15/2014,160.5,160.5,160.5,160.5
05/14/2014,161.89,161.89,161.89,161.89
05/13/2014,162.58,162.58,162.58,162.58
05/12/2014,161.81,161.81,161.81,161.81
05/09/2014,161.85,161.85,161.85,161.85
05/08/2014,161.28,161.28,161.28,161.28
05/07/2014,162.2,162.2,162.2,162.2
05/06/2014,158.87,158.87,158.87,158.87
05/05/2014,161.02,161.02,161.02,161.02
05/02/2014,162.73,162.73,162.73,162.73
05/01/2014,163.81,163.81,163.81,163.81
04/30/2014,163.41,163.41,163.41,163.41
04/29/2014,163.02,163.02,163.02,163.02
04/28/2014,161.97,161.97,161.97,161.97
04/25/2014,161.56,161.56,161.56,161.56
04/24/2014,161.5,161.5,161.5,161.5
04/23/2014,161.91,161.91,161.91,161.91
04/22/2014,161.61,161.61,161.61,161.61
04/21/2014,160.78,160.78,160.78,160.78
04/18/2014,161.52,161.52,161.52,161.52
04/17/2014,161.52,161.52,161.52,161.52
04/16/2014,160.14,160.14,160.14,160.14
04/15/2014,157.54,157.54,157.54,157.54
04/14/2014,155.9,155.9,155.9,155.9
04/11/2014,154.92,154.92,154.92,154.92
04/10/2014,155.59,155.59,155.59,155.59
04/09/2014,157.63,157.63,157.63,157.63
04/08/2014,156.54,156.54,156.54,156.54
04/07/2014,156.35,156.35,156.35,156.35
04/04/2014,157.4,157.4,157.4,157.4
04/03/2014,158.02,158.02,158.02,158.02
04/02/2014,158.1,158.1,158.1,158.1
04/01/2014,158.45,158.45,158.45,158.45
03/31/2014,158.76,158.76,158.76,158.76
03/28/2014,156.84,156.84,156.84,156.84
03/27/2014,156.66,156.66,156.66,156.66
03/26/2014,156.26,156.26,156.26,156.26
03/25/2014,158.01,158.01,158.01,158.01
03/24/2014,157.85,157.85,157.85,157.85
03/21/2014,158.83,158.83,158.83,158.83
03/20/2014,157.98,157.98,157.98,157.98
03/19/2014,155.95,155.95,155.95,155.95
03/18/2014,156.8,156.8,156.8,156.8
03/17/2014,156.76,156.76,156.76,156.76
03/14/2014,155.7,155.7,155.7,155.7
03/13/2014,156.81,156.81,156.81,156.81
03/12/2014,158.56,158.56,158.56,158.56
03/11/2014,157.98,157.98,157.98,157.98
03/10/2014,157.44,157.44,157.44,157.44
03/07/2014,155.8,155.8,155.8,155.8
03/06/2014,154.09,154.09,154.09,154.09
03/05/2014,151.51,151.51,151.51,151.51
03/04/2014,151.03,151.03,151.03,151.03
03/03/2014,148.1,148.1,148.1,148.1
02/28/2014,147.96,147.96,147.96,147.96
02/27/2014,146.55,146.55,146.55,146.55
02/26/2014,145.47,145.47,145.47,145.47
02/25/2014,145.65,145.65,145.65,145.65
02/24/2014,144.9,144.9,144.9,144.9
02/21/2014,145.0,145.0,145.0,145.0
02/20/2014,144.98,144.98,144.98,144.98
02/19/2014,145.15,145.15,145.15,145.15
02/18/2014,146.78,146.78,146.78,146.78
02/17/2014,146.88,146.88,146.88,146.88
02/14/2014,146.88,146.88,146.88,146.88
02/13/2014,146.54,146.54,146.54,146.54
02/12/2014,144.77,144.77,144.77,144.77
02/11/2014,145.11,145.11,145.11,145.11
02/10/2014,143.74,143.74,143.74,143.74
02/07/2014,143.56,143.56,143.56,143.56
02/06/2014,140.82,140.82,140.82,140.82
02/05/2014,139.43,139.43,139.43,139.43
02/04/2014,139.77,139.77,139.77,139.77
02/03/2014,139.63,139.63,139.63,139.63
01/31/2014,142.92,142.92,142.92,142.92
01/30/2014,144.78,144.78,144.78,144.78
01/29/2014,142.52,142.52,142.52,142.52
01/28/2014,143.49,143.49,143.49,143.49
01/27/2014,142.71,142.71,142.71,142.71
01/24/2014,143.0,143.0,143.0,143.0
01/23/2014,145.22,145.22,145.22,145.22
01/22/2014,147.55,147.55,147.55,147.55
01/21/2014,147.21,147.21,147.21,147.21
01/20/2014,147.08,147.08,147.08,147.08
01/17/2014,147.08,147.08,147.08,147.08
01/16/2014,147.32,147.32,147.32,147.32
01/15/2014,148.15,148.15,148.15,148.15
01/14/2014,147.19,147.19,147.19,147.19
01/13/2014,145.96,145.96,145.96,145.96
01/10/2014,147.24,147.24,147.24,147.24
01/09/2014,147.63,147.63,147.63,147.63
01/08/2014,147.65,147.65,147.65,147.65
01/07/2014,148.64,148.64,148.64,148.64
01/06/2014,148.7,148.7,148.7,148.7
01/03/2014,150.19,150.19,150.19,150.19
01/02/2014,150.21,150.21,150.21,150.21
12/31/2013,152.08,152.08,152.08,152.08
12/30/2013,151.32,151.32,151.32,151.32
12/27/2013,151.08,151.08,151.08,151.08
12/26/2013,151.03,151.03,151.03,151.03
12/25/2013,150.39,150.39,150.39,150.39
12/24/2013,150.39,150.39,150.39,150.39
12/23/2013,149.81,149.81,149.81,149.81
12/20/2013,148.25,148.25,148.25,148.25
12/19/2013,148.89,148.89,148.89,148.89
12/18/2013,148.6,148.6,148.6,148.6
12/17/2013,145.58,145.58,145.58,145.58
12/16/2013,146.04,146.04,146.04,146.04
12/13/2013,146.18,146.18,146.18,146.18
12/12/2013,146.73,146.73,146.73,146.73
12/11/2013,146.86,146.86,146.86,146.86
12/10/2013,148.28,148.28,148.28,148.28
12/09/2013,150.08,150.08,150.08,150.08
12/06/2013,149.61,149.61,149.61,149.61
12/05/2013,147.37,147.37,147.37,147.37
12/04/2013,147.85,147.85,147.85,147.85
12/03/2013,147.39,147.39,147.39,147.39
12/02/2013,148.11,148.11,148.11,148.11
11/29/2013,149.56,149.56,149.56,149.56
11/28/2013,149.62,149.62,149.62,149.62
11/27/2013,149.62,149.62,149.62,149.62
11/26/2013,149.52,149.52,149.52,149.52
11/25/2013,148.5,148.5,148.5,148.5
11/22/2013,149.87,149.87,149.87,149.87
11/21/2013,149.13,149.13,149.13,149.13
11/20/2013,147.33,147.33,147.33,147.33
11/19/2013,148.36,148.36,148.36,148.36
11/18/2013,148.53,148.53,148.53,148.53
11/15/2013,149.03,149.03,149.03,149.03
11/14/2013,148.4,148.4,148.4,148.4
11/13/2013,147.48,147.48,147.48,147.48
11/12/2013,146.68,146.68,146.68,146.68
11/11/2013,148.28,148.28,148.28,148.28
11/08/2013,148.53,148.53,148.53,148.53
11/07/2013,146.06,146.06,146.06,146.06
11/06/2013,147.33,147.33,147.33,147.33
11/05/2013,146.47,146.47,146.47,146.47
11/04/2013,147.11,147.11,147.11,147.11
11/01/2013,147.53,147.53,147.53,147.53
10/31/2013,147.4,147.4,147.4,147.4
10/30/2013,148.82,148.82,148.82,148.82
10/29/2013,150.07,150.07,150.07,150.07
10/28/2013,149.16,149.16,149.16,149.16
10/25/2013,149.15,149.15,149.15,149.15
10/24/2013,148.82,148.82,148.82,148.82
10/23/2013,148.5,148.5,148.5,148.5
10/22/2013,149.91,149.91,149.91,149.91
10/21/2013,149.19,149.19,149.19,149.19
10/18/2013,149.27,149.27,149.27,149.27
10/17/2013,149.18,149.18,149.18,149.18
10/16/2013,148.77,148.77,148.77,148.77
10/15/2013,146.18,146.18,146.18,146.18
10/14/2013,147.79,147.79,147.79,147.79
10/11/2013,147.48,147.48,147.48,147.48
10/10/2013,146.33,146.33,146.33,146.33
10/09/2013,142.5,142.5,142.5,142.5
10/08/2013,142.17,142.17,142.17,142.17
10/07/2013,143.98,143.98,143.98,143.98
10/04/2013,145.05,145.05,145.05,145.05
10/03/2013,144.48,144.48,144.48,144.48
10/02/2013,145.81,145.81,145.81,145.81
10/01/2013,145.3,145.3,145.3,145.3
09/30/2013,144.5,144.5,144.5,144.5
09/27/2013,145.98,145.98,145.98,145.98
09/26/2013,147.02,147.02,147.02,147.02
09/25/2013,146.74,146.74,146.74,146.74
09/24/2013,146.08,146.08,146.08,146.08
09/23/2013,146.66,146.66,146.66,146.66
09/20/2013,149.12,149.12,149.12,149.12
09/19/2013,148.25,148.25,148.25,148.25
09/18/2013,147.81,147.81,147.81,147.81
09/17/2013,146.31,146.31,146.31,146.31
09/16/2013,145.66,145.66,145.66,145.66
09/13/2013,143.99,143.99,143.99,143.99
09/12/2013,143.74,143.74,143.74,143.74
09/11/2013,144.8,144.8,144.8,144.8
09/10/2013,143.97,143.97,143.97,143.97
09/09/2013,142.78,142.78,142.78,142.78
09/06/2013,141.65,141.65,141.65,141.65
09/05/2013,142.23,142.23,142.23,142.23
09/04/2013,142.14,142.14,142.14,142.14
09/04/2023,453.57,453.57,453.57,453.57
09/01/2023,450.67,450.67,450.67,450.67
08/31/2023,450.67,450.67,450.67,450.67
08/29/2023,448.28,448.28,448.28,448.28
08/28/2023,444.66,444.66,444.66,444.66
08/25/2023,445.24,445.24,445.24,445.24
08/24/2023,443.57,443.57,443.57,443.57
08/23/2023,443.1,443.1,443.1,443.1
08/22/2023,438.31,438.31,438.31,438.31
08/21/2023,440.26,440.26,440.26,440.26
08/18/2023,440.86,440.86,440.86,440.86
08/17/2023,441.63,441.63,441.63,441.63
08/16/2023,443.2,443.2,443.2,443.2
08/15/2023,443.59,443.59,443.59,443.59
08/14/2023,448.42,448.42,448.42,448.42
08/11/2023,448.4,448.4,448.4,448.4
08/10/2023,447.02,447.02,447.02,447.02
08/08/2023,454.34,454.34,454.34,454.34
08/07/2023,453.76,453.76,453.76,453.76
08/04/2023,438.69,438.69,438.69,438.69
08/02/2023,440.31,440.31,440.31,440.31
08/01/2023,441.36,441.36,441.36,441.36
07/28/2023,438.56,438.56,438.56,438.56
07/27/2023,437.94,437.94,437.94,437.94
07/25/2023,436.58,436.58,436.58,436.58
07/21/2023,434.58,434.58,434.58,434.58
07/20/2023,435.52,435.52,435.52,435.52
07/19/2023,430.14,430.14,430.14,430.14
07/18/2023,433.64,433.64,433.64,433.64
07/17/2023,432.26,432.26,432.26,432.26
07/14/2023,428.04,428.04,428.04,428.04
07/12/2023,433.04,433.04,433.04,433.04
07/11/2023,430.7,430.7,430.7,430.7
07/10/2023,427.83,427.83,427.83,427.83
07/07/2023,427.79,427.79,427.79,427.79
07/06/2023,427.95,427.95,427.95,427.95
07/05/2023,427.87,427.87,427.87,427.87
06/30/2023,427.31,427.31,427.31,427.31
06/29/2023,422.35,422.35,422.35,422.35
06/27/2023,420.49,420.49,420.49,420.49
06/26/2023,419.17,419.17,419.17,419.17
06/23/2023,420.76,420.76,420.76,420.76
06/22/2023,423.31,423.31,423.31,423.31
06/21/2023,425.22,425.22,425.22,425.22
06/20/2023,425.36,425.36,425.36,425.36
06/19/2023,424.93,424.93,424.93,424.93
06/16/2023,424.93,424.93,424.93,424.93
06/14/2023,421.56,421.56,421.56,421.56
06/13/2023,422.45,422.45,422.45,422.45
06/09/2023,421.16,421.16,421.16,421.16
06/07/2023,421.61,421.61,421.61,421.61
06/06/2023,419.05,419.05,419.05,419.05
06/05/2023,413.14,413.14,413.14,413.14
06/02/2023,414.27,414.27,414.27,414.27
05/31/2023,403.75,403.75,403.75,403.75
05/30/2023,405.71,405.71,405.71,405.71
05/25/2023,402.34,402.34,402.34,402.34
05/24/2023,403.77,403.77,403.77,403.77
05/23/2023,407.58,407.58,407.58,407.58
05/22/2023,414.61,414.61,414.61,414.61
05/19/2023,416.85,416.85,416.85,416.85
05/16/2023,408.83,408.83,408.83,408.83
05/15/2023,408.88,408.88,408.88,408.88
05/11/2023,408.14,408.14,408.14,408.14
05/10/2023,408.46,408.46,408.46,408.46
05/09/2023,410.58,410.58,410.58,410.58
05/08/2023,412.07,412.07,412.07,412.07
05/05/2023,408.97,408.97,408.97,408.97
05/04/2023,403.71,403.71,403.71,403.71
05/03/2023,408.05,408.05,408.05,408.05
05/02/2023,411.58,411.58,411.58,411.58
05/01/2023,416.65,416.65,416.65,416.65
04/28/2023,414.63,414.63,414.63,414.63
04/26/2023,404.44,404.44,404.44,404.44
04/24/2023,411.25,411.25,411.25,411.25
04/21/2023,409.16,409.16,409.16,409.16
04/20/2023,408.74,408.74,408.74,408.74
04/19/2023,407.72,407.72,407.72,407.72
04/18/2023,409.37,409.37,409.37,409.37
04/17/2023,408.03,408.03,408.03,408.03
04/14/2023,403.0,403.0,403.0,403.0
04/13/2023,401.14,401.14,401.14,401.14
04/12/2023,397.18,397.18,397.18,397.18
04/11/2023,395.97,395.97,395.97,395.97
04/10/2023,394.74,394.74,394.74,394.74
04/05/2023,392.0,392.0,392.0,392.0
04/04/2023,390.16,390.16,390.16,390.16
04/03/2023,391.75,391.75,391.75,391.75
03/31/2023,389.68,389.68,389.68,389.68
03/30/2023,385.19,385.19,385.19,385.19
03/29/2023,385.6,385.6,385.6,385.6
03/28/2023,381.76,381.76,381.76,381.76
03/27/2023,381.29,381.29,381.29,381.29
03/24/2023,377.09,377.09,377.09,377.09
03/23/2023,376.24,376.24,376.24,376.24
03/21/2023,383.44,383.44,383.44,383.44
03/20/2023,379.72,379.72,379.72,379.72
03/17/2023,370.05,370.05,370.05,370.05
03/16/2023,381.22,381.22,381.22,381.22
03/15/2023,375.42,375.42,375.42,375.42
03/14/2023,385.41,385.41,385.41,385.41
03/13/2023,381.7,381.7,381.7,381.7
03/10/2023,383.42,383.42,383.42,383.42
03/09/2023,385.55,385.55,385.55,385.55
03/08/2023,394.1,394.1,394.1,394.1
03/07/2023,393.98,393.98,393.98,393.98
03/06/2023,400.87,400.87,400.87,400.87
03/03/2023,395.78,395.78,395.78,395.78
03/02/2023,390.22,390.22,390.22,390.22
03/01/2023,386.76,386.76,386.76,386.76
02/28/2023,387.14,387.14,387.14,387.14
02/27/2023,386.31,386.31,386.31,386.31
02/23/2023,384.39,384.39,384.39,384.39
02/22/2023,384.53,384.53,384.53,384.53
02/21/2023,384.11,384.11,384.11,384.11
02/20/2023,391.01,391.01,391.01,391.01
02/16/2023,390.66,390.66,390.66,390.66
02/15/2023,392.61,392.61,392.61,392.61
02/14/2023,393.89,393.89,393.89,393.89
02/13/2023,397.64,397.64,397.64,397.64
02/10/2023,392.95,392.95,392.95,392.95
02/09/2023,389.78,389.78,389.78,389.78
02/08/2023,390.65,390.65,390.65,390.65
02/07/2023,395.83,395.83,395.83,395.83
02/06/2023,389.94,389.94,389.94,389.94
02/03/2023,389.58,389.58,389.58,389.58
02/02/2023,393.65,393.65,393.65,393.65
02/01/2023,392.94,392.94,392.94,392.94
01/31/2023,393.53,393.53,393.53,393.53
01/30/2023,388.26,388.26,388.26,388.26
01/27/2023,390.66,390.66,390.66,390.66
01/26/2023,393.11,393.11,393.11,393.11
01/25/2023,393.89,393.89,393.89,393.89
01/23/2023,391.43,391.43,391.43,391.43
01/20/2023,390.77,390.77,390.77,390.77
01/19/2023,385.4,385.4,385.4,385.4
01/18/2023,389.03,389.03,389.03,389.03
01/17/2023,397.02,397.02,397.02,397.02
01/16/2023,400.69,400.69,400.69,400.69
01/12/2023,401.92,401.92,401.92,401.92
01/11/2023,403.68,403.68,403.68,403.68
01/10/2023,399.23,399.23,399.23,399.23
01/09/2023,397.79,397.79,397.79,397.79
01/06/2023,401.76,401.76,401.76,401.76
01/05/2023,394.4,394.4,394.4,394.4
01/04/2023,396.19,396.19,396.19,396.19
01/03/2023,390.37,390.37,390.37,390.37
01/02/2023,389.09,389.09,389.09,389.09
12/29/2022,389.46,389.46,389.46,389.46
12/28/2022,382.65,382.65,382.65,382.65
12/27/2022,385.33,385.33,385.33,385.33
12/26/2022,386.41,386.41,386.41,386.41
12/22/2022,381.82,381.82,381.82,381.82
12/21/2022,388.01,388.01,388.01,388.01
12/20/2022,380.58,380.58,380.58,380.58
12/19/2022,377.95,377.95,377.95,377.95
12/16/2022,377.95,377.95,377.95,377.95
12/15/2022,380.13,380.13,380.13,380.13
12/14/2022,389.09,389.09,389.09,389.09
12/13/2022,392.86,392.86,392.86,392.86
12/12/2022,392.0,392.0,392.0,392.0
12/09/2022,386.0,386.0,386.0,386.0
12/08/2022,385.71,385.71,385.71,385.71
12/07/2022,385.41,385.41,385.41,385.41
12/06/2022,388.05,388.05,388.05,388.05
12/05/2022,390.83,390.83,390.83,390.83
12/02/2022,397.87,397.87,397.87,397.87
12/01/2022,397.29,397.29,397.29,397.29
11/30/2022,400.9,400.9,400.9,400.9
11/29/2022,396.42,396.42,396.42,396.42
11/28/2022,393.95,393.95,393.95,393.95
11/25/2022,399.22,399.22,399.22,399.22
11/24/2022,397.47,397.47,397.47,397.47
11/22/2022,396.89,396.89,396.89,396.89
11/21/2022,391.17,391.17,391.17,391.17
11/18/2022,390.62,390.62,390.62,390.62
11/17/2022,386.33,386.33,386.33,386.33
11/16/2022,387.95,387.95,387.95,387.95
11/15/2022,389.38,389.38,389.38,389.38
11/14/2022,387.55,387.55,387.55,387.55
11/11/2022,388.45,388.45,388.45,388.45
11/10/2022,381.5,381.5,381.5,381.5
11/09/2022,364.28,364.28,364.28,364.28
11/08/2022,369.21,369.21,369.21,369.21
11/07/2022,366.41,366.41,366.41,366.41
11/04/2022,363.32,363.32,363.32,363.32
11/03/2022,358.66,358.66,358.66,358.66
11/02/2022,364.85,364.85,364.85,364.85
11/01/2022,370.18,370.18,370.18,370.18
10/31/2022,371.56,371.56,371.56,371.56
10/28/2022,377.01,377.01,377.01,377.01
10/27/2022,364.57,364.57,364.57,364.57
10/26/2022,362.11,362.11,362.11,362.11
10/25/2022,363.03,363.03,363.03,363.03
10/24/2022,360.9,360.9,360.9,360.9
10/21/2022,354.65,354.65,354.65,354.65
10/20/2022,343.51,343.51,343.51,343.51
10/19/2022,349.94,349.94,349.94,349.94
10/18/2022,353.71,353.71,353.71,353.71
10/17/2022,347.84,347.84,347.84,347.84
10/14/2022,342.46,342.46,342.46,342.46
10/13/2022,346.28,346.28,346.28,346.28
10/12/2022,331.4,331.4,331.4,331.4
10/11/2022,335.6,335.6,335.6,335.6
10/10/2022,335.2,335.2,335.2,335.2
10/07/2022,337.53,337.53,337.53,337.53
10/06/2022,346.69,346.69,346.69,346.69
10/05/2022,350.47,350.47,350.47,350.47
10/04/2022,352.03,352.03,352.03,352.03
10/03/2022,342.07,342.07,342.07,342.07
09/30/2022,335.04,335.04,335.04,335.04
09/29/2022,338.36,338.36,338.36,338.36
09/28/2022,340.64,340.64,340.64,340.64
09/27/2022,332.74,332.74,332.74,332.74
09/26/2022,331.09,331.09,331.09,331.09
09/23/2022,335.71,335.71,335.71,335.71
09/22/2022,336.85,336.85,336.85,336.85
09/21/2022,339.63,339.63,339.63,339.63
09/20/2022,347.68,347.68,347.68,347.68
09/19/2022,350.6,350.6,350.6,350.6
09/16/2022,345.53,345.53,345.53,345.53
09/15/2022,347.95,347.95,347.95,347.95
09/14/2022,349.79,349.79,349.79,349.79
09/13/2022,349.43,349.43,349.43,349.43
09/12/2022,361.69,361.69,361.69,361.69
09/09/2022,358.26,358.26,358.26,358.26
09/08/2022,355.38,355.38,355.38,355.38
09/07/2022,352.47,352.47,352.47,352.47
09/06/2022,346.79,346.79,346.79,346.79
09/05/2022,348.08,348.08,348.08,348.08
09/04/2018,267.29,267.29,267.29,267.29
09/03/2018,265.74,265.74,265.74,265.74
08/31/2018,265.74,265.74,265.74,265.74
08/30/2018,266.96,266.96,266.96,266.96
08/29/2018,268.84,268.84,268.84,268.84
08/28/2018,268.24,268.24,268.24,268.24
08/27/2018,267.88,267.88,267.88,267.88
08/24/2018,264.72,264.72,264.72,264.72
08/23/2018,263.72,263.72,263.72,263.72
08/22/2018,263.87,263.87,263.87,263.87
08/21/2018,265.35,265.35,265.35,265.35
08/20/2018,265.23,265.23,265.23,265.23
08/17/2018,264.74,264.74,264.74,264.74
08/16/2018,264.02,264.02,264.02,264.02
08/15/2018,260.24,260.24,260.24,260.24
08/14/2018,261.77,261.77,261.77,261.77
08/13/2018,260.89,260.89,260.89,260.89
08/10/2018,262.69,262.69,262.69,262.69
08/09/2018,265.66,265.66,265.66,265.66
08/08/2018,265.59,265.59,265.59,265.59
08/07/2018,265.37,265.37,265.37,265.37
08/06/2018,262.24,262.24,262.24,262.24
08/03/2018,255.37,255.37,255.37,255.37
08/02/2018,252.75,252.75,252.75,252.75
08/01/2018,252.59,252.59,252.59,252.59
07/31/2018,252.55,252.55,252.55,252.55
07/30/2018,254.07,254.07,254.07,254.07
07/27/2018,252.66,252.66,252.66,252.66
07/26/2018,252.23,252.23,252.23,252.23
07/25/2018,252.14,252.14,252.14,252.14
07/24/2018,253.06,253.06,253.06,253.06
07/23/2018,252.4,252.4,252.4,252.4
07/20/2018,251.09,251.09,251.09,251.09
07/19/2018,252.15,252.15,252.15,252.15
07/18/2018,255.79,255.79,255.79,255.79
07/17/2018,243.78,243.78,243.78,243.78
07/16/2018,245.65,245.65,245.65,245.65
07/13/2018,244.24,244.24,244.24,244.24
07/12/2018,243.08,243.08,243.08,243.08
07/11/2018,243.14,243.14,243.14,243.14
07/10/2018,243.24,243.24,243.24,243.24
07/09/2018,242.99,242.99,242.99,242.99
07/06/2018,240.19,240.19,240.19,240.19
07/05/2018,240.16,240.16,240.16,240.16
07/04/2018,238.21,238.21,238.21,238.21
07/03/2018,238.21,238.21,238.21,238.21
07/02/2018,240.31,240.31,240.31,240.31
06/29/2018,239.0,239.0,239.0,239.0
06/28/2018,239.55,239.55,239.55,239.55
06/27/2018,236.86,236.86,236.86,236.86
06/26/2018,238.94,238.94,238.94,238.94
06/25/2018,239.42,239.42,239.42,239.42
06/22/2018,241.93,241.93,241.93,241.93
06/21/2018,241.86,241.86,241.86,241.86
06/20/2018,242.79,242.79,242.79,242.79
06/19/2018,243.82,243.82,243.82,243.82
06/18/2018,244.63,244.63,244.63,244.63
06/15/2018,245.5,245.5,245.5,245.5
06/14/2018,246.35,246.35,246.35,246.35
06/13/2018,248.89,248.89,248.89,248.89
06/12/2018,249.83,249.83,249.83,249.83
06/11/2018,250.07,250.07,250.07,250.07
06/08/2018,251.03,251.03,251.03,251.03
06/07/2018,250.49,250.49,250.49,250.49
06/06/2018,248.55,248.55,248.55,248.55
06/05/2018,244.62,244.62,244.62,244.62
06/04/2018,245.3,245.3,245.3,245.3
06/01/2018,246.31,246.31,246.31,246.31
05/31/2018,245.43,245.43,245.43,245.43
05/30/2018,248.57,248.57,248.57,248.57
05/29/2018,243.44,243.44,243.44,243.44
05/28/2018,248.64,248.64,248.64,248.64
05/25/2018,248.64,248.64,248.64,248.64
05/24/2018,249.38,249.38,249.38,249.38
05/23/2018,250.75,250.75,250.75,250.75
05/22/2018,253.48,253.48,253.48,253.48
05/21/2018,253.21,253.21,253.21,253.21
05/18/2018,250.82,250.82,250.82,250.82
05/17/2018,252.63,252.63,252.63,252.63
05/16/2018,253.12,253.12,253.12,253.12
05/15/2018,252.52,252.52,252.52,252.52
05/14/2018,254.58,254.58,254.58,254.58
05/11/2018,254.87,254.87,254.87,254.87
05/10/2018,257.06,257.06,257.06,257.06
05/09/2018,255.45,255.45,255.45,255.45
05/08/2018,251.3,251.3,251.3,251.3
05/07/2018,252.25,252.25,252.25,252.25
05/04/2018,250.5,250.5,250.5,250.5
05/03/2018,245.52,245.52,245.52,245.52
05/02/2018,247.78,247.78,247.78,247.78
05/01/2018,250.27,250.27,250.27,250.27
04/30/2018,248.5,248.5,248.5,248.5
04/27/2018,253.03,253.03,253.03,253.03
04/26/2018,252.85,252.85,252.85,252.85
04/25/2018,252.67,252.67,252.67,252.67
04/24/2018,252.78,252.78,252.78,252.78
04/23/2018,255.86,255.86,255.86,255.86
04/20/2018,256.73,256.73,256.73,256.73
04/19/2018,256.77,256.77,256.77,256.77
04/18/2018,255.78,255.78,255.78,255.78
04/17/2018,255.61,255.61,255.61,255.61
04/16/2018,254.44,254.44,254.44,254.44
04/13/2018,252.87,252.87,252.87,252.87
04/12/2018,254.29,254.29,254.29,254.29
04/11/2018,251.11,251.11,251.11,251.11
04/10/2018,254.06,254.06,254.06,254.06
04/09/2018,251.14,251.14,251.14,251.14
04/06/2018,251.21,251.21,251.21,251.21
04/05/2018,257.76,257.76,257.76,257.76
04/04/2018,256.92,256.92,256.92,256.92
04/03/2018,254.4,254.4,254.4,254.4
04/02/2018,250.72,250.72,250.72,250.72
03/30/2018,256.19,256.19,256.19,256.19
03/29/2018,256.19,256.19,256.19,256.19
03/28/2018,252.95,252.95,252.95,252.95
03/27/2018,251.9,251.9,251.9,251.9
03/26/2018,255.96,255.96,255.96,255.96
03/23/2018,247.5,247.5,247.5,247.5
03/22/2018,253.91,253.91,253.91,253.91
03/21/2018,262.85,262.85,262.85,262.85
03/20/2018,262.73,262.73,262.73,262.73
03/19/2018,261.86,261.86,261.86,261.86
03/16/2018,265.25,265.25,265.25,265.25
03/15/2018,266.16,266.16,266.16,266.16
03/14/2018,265.14,265.14,265.14,265.14
03/13/2018,267.77,267.77,267.77,267.77
03/12/2018,270.9,270.9,270.9,270.9
03/09/2018,272.32,272.32,272.32,272.32
03/08/2018,262.89,262.89,262.89,262.89
03/07/2018,261.69,261.69,261.69,261.69
03/06/2018,261.95,261.95,261.95,261.95
03/05/2018,260.31,260.31,260.31,260.31
03/02/2018,257.2,257.2,257.2,257.2
03/01/2018,257.42,257.42,257.42,257.42
02/28/2018,264.32,264.32,264.32,264.32
02/27/2018,267.38,267.38,267.38,267.38
02/26/2018,268.55,268.55,268.55,268.55
02/23/2018,259.27,259.27,259.27,259.27
02/22/2018,256.64,256.64,256.64,256.64
02/21/2018,257.13,257.13,257.13,257.13
02/20/2018,259.65,259.65,259.65,259.65
02/19/2018,260.57,260.57,260.57,260.57
02/16/2018,260.57,260.57,260.57,260.57
02/15/2018,260.56,260.56,260.56,260.56
02/14/2018,256.58,256.58,256.58,256.58
02/13/2018,253.27,253.27,253.27,253.27
02/12/2018,254.31,254.31,254.31,254.31
02/09/2018,250.95,250.95,250.95,250.95
02/08/2018,245.43,245.43,245.43,245.43
02/07/2018,256.51,256.51,256.51,256.51
02/06/2018,257.27,257.27,257.27,257.27
02/05/2018,251.62,251.62,251.62,251.62
02/02/2018,266.48,266.48,266.48,266.48
02/01/2018,276.28,276.28,276.28,276.28
01/31/2018,272.65,272.65,272.65,272.65
01/30/2018,272.77,272.77,272.77,272.77
01/29/2018,274.06,274.06,274.06,274.06
01/26/2018,276.17,276.17,276.17,276.17
01/25/2018,273.97,273.97,273.97,273.97
01/24/2018,274.59,274.59,274.59,274.59
01/23/2018,274.56,274.56,274.56,274.56
01/22/2018,275.0,275.0,275.0,275.0
01/19/2018,270.33,270.33,270.33,270.33
01/18/2018,270.12,270.12,270.12,270.12
01/17/2018,271.51,271.51,271.51,271.51
01/16/2018,266.79,266.79,266.79,266.79
01/15/2018,266.68,266.68,266.68,266.68
01/12/2018,266.68,266.68,266.68,266.68
01/11/2018,262.51,262.51,262.51,262.51
01/10/2018,260.97,260.97,260.97,260.97
01/09/2018,257.79,257.79,257.79,257.79
01/08/2018,257.57,257.57,257.57,257.57
01/05/2018,256.17,256.17,256.17,256.17
01/04/2018,255.32,255.32,255.32,255.32
01/03/2018,254.04,254.04,254.04,254.04
01/02/2018,250.92,250.92,250.92,250.92
12/29/2017,252.41,252.41,252.41,252.41
12/28/2017,254.1,254.1,254.1,254.1
12/27/2017,252.94,252.94,252.94,252.94
12/26/2017,251.65,251.65,251.65,251.65
12/25/2017,251.97,251.97,251.97,251.97
12/22/2017,251.97,251.97,251.97,251.97
12/21/2017,253.09,253.09,253.09,253.09
12/20/2017,251.74,251.74,251.74,251.74
12/19/2017,251.99,251.99,251.99,251.99
12/18/2017,253.76,253.76,253.76,253.76
12/15/2017,252.03,252.03,252.03,252.03
12/14/2017,250.46,250.46,250.46,250.46
12/13/2017,251.42,251.42,251.42,251.42
12/12/2017,253.7,253.7,253.7,253.7
12/11/2017,250.78,250.78,250.78,250.78
12/08/2017,250.36,250.36,250.36,250.36
12/07/2017,250.11,250.11,250.11,250.11
12/06/2017,249.82,249.82,249.82,249.82
12/05/2017,250.0,250.0,250.0,250.0
12/04/2017,251.2,251.2,251.2,251.2
12/01/2017,248.42,248.42,248.42,248.42
11/30/2017,246.77,246.77,246.77,246.77
11/29/2017,243.36,243.36,243.36,243.36
11/28/2017,240.58,240.58,240.58,240.58
11/27/2017,235.6,235.6,235.6,235.6
11/24/2017,234.0,234.0,234.0,234.0
11/23/2017,234.03,234.03,234.03,234.03
11/22/2017,234.03,234.03,234.03,234.03
11/21/2017,234.88,234.88,234.88,234.88
11/20/2017,233.07,233.07,233.07,233.07
11/17/2017,232.49,232.49,232.49,232.49
11/16/2017,233.59,233.59,233.59,233.59
11/15/2017,233.58,233.58,233.58,233.58
11/14/2017,235.27,235.27,235.27,235.27
11/13/2017,236.62,236.62,236.62,236.62
11/10/2017,235.93,235.93,235.93,235.93
11/09/2017,236.9,236.9,236.9,236.9
11/08/2017,236.87,236.87,236.87,236.87
11/07/2017,238.91,238.91,238.91,238.91
11/06/2017,239.44,239.44,239.44,239.44
11/03/2017,240.01,240.01,240.01,240.01
11/02/2017,241.43,241.43,241.43,241.43
11/01/2017,240.07,240.07,240.07,240.07
10/31/2017,239.91,239.91,239.91,239.91
10/30/2017,241.14,241.14,241.14,241.14
10/27/2017,241.92,241.92,241.92,241.92
10/26/2017,241.55,241.55,241.55,241.55
10/25/2017,241.54,241.54,241.54,241.54
10/24/2017,242.91,242.91,242.91,242.91
10/23/2017,242.52,242.52,242.52,242.52
10/20/2017,242.19,242.19,242.19,242.19
10/19/2017,240.07,240.07,240.07,240.07
10/18/2017,240.68,240.68,240.68,240.68
10/17/2017,240.12,240.12,240.12,240.12
10/16/2017,240.79,240.79,240.79,240.79
10/13/2017,240.18,240.18,240.18,240.18
10/12/2017,238.43,238.43,238.43,238.43
10/11/2017,239.62,239.62,239.62,239.62
10/10/2017,240.26,240.26,240.26,240.26
10/09/2017,239.66,239.66,239.66,239.66
10/06/2017,239.6,239.6,239.6,239.6
10/05/2017,239.34,239.34,239.34,239.34
10/04/2017,237.77,237.77,237.77,237.77
10/03/2017,237.67,237.67,237.67,237.67
10/02/2017,237.31,237.31,237.31,237.31
09/29/2017,234.71,234.71,234.71,234.71
09/28/2017,234.35,234.35,234.35,234.35
09/27/2017,234.27,234.27,234.27,234.27
09/26/2017,232.46,232.46,232.46,232.46
09/25/2017,233.42,233.42,233.42,233.42
09/22/2017,232.69,232.69,232.69,232.69
09/21/2017,234.27,234.27,234.27,234.27
09/20/2017,234.88,234.88,234.88,234.88
09/19/2017,233.9,233.9,233.9,233.9
09/18/2017,232.15,232.15,232.15,232.15
09/15/2017,230.55,230.55,230.55,230.55
09/14/2017,228.83,228.83,228.83,228.83
09/13/2017,229.54,229.54,229.54,229.54
09/12/2017,229.17,229.17,229.17,229.17
09/11/2017,228.08,228.08,228.08,228.08
09/08/2017,224.48,224.48,224.48,224.48
09/07/2017,222.04,222.04,222.04,222.04
09/06/2017,226.24,226.24,226.24,226.24
09/05/2017,226.59,226.59,226.59,226.59
09/04/2017,232.25,232.25,232.25,232.25
09/04/2015,166.9,166.9,166.9,166.9
09/03/2015,169.94,169.94,169.94,169.94
09/02/2015,169.95,169.95,169.95,169.95
09/01/2015,167.75,167.75,167.75,167.75
08/31/2015,172.11,172.11,172.11,172.11
08/28/2015,174.03,174.03,174.03,174.03
08/27/2015,174.59,174.59,174.59,174.59
08/26/2015,170.11,170.11,170.11,170.11
08/25/2015,164.3,164.3,164.3,164.3
08/24/2015,166.58,166.58,166.58,166.58
08/21/2015,172.7,172.7,172.7,172.7
08/20/2015,177.75,177.75,177.75,177.75
08/19/2015,180.4,180.4,180.4,180.4
08/18/2015,181.59,181.59,181.59,181.59
08/17/2015,182.65,182.65,182.65,182.65
08/14/2015,182.83,182.83,182.83,182.83
08/13/2015,181.99,181.99,181.99,181.99
08/12/2015,181.53,181.53,181.53,181.53
08/11/2015,182.96,182.96,182.96,182.96
08/10/2015,183.7,183.7,183.7,183.7
08/07/2015,183.68,183.68,183.68,183.68
08/06/2015,183.44,183.44,183.44,183.44
08/05/2015,183.76,183.76,183.76,183.76
08/04/2015,182.76,182.76,182.76,182.76
08/03/2015,182.4,182.4,182.4,182.4
07/31/2015,182.78,182.78,182.78,182.78
07/30/2015,182.89,182.89,182.89,182.89
07/29/2015,182.84,182.84,182.84,182.84
07/28/2015,182.86,182.86,182.86,182.86
07/27/2015,180.34,180.34,180.34,180.34
07/24/2015,181.1,181.1,181.1,181.1
07/23/2015,182.19,182.19,182.19,182.19
07/22/2015,183.85,183.85,183.85,183.85
07/21/2015,183.95,183.95,183.95,183.95
07/20/2015,184.94,184.94,184.94,184.94
07/17/2015,184.16,184.16,184.16,184.16
07/16/2015,184.25,184.25,184.25,184.25
07/15/2015,182.63,182.63,182.63,182.63
07/14/2015,180.87,180.87,180.87,180.87
07/13/2015,181.14,181.14,181.14,181.14
07/10/2015,179.18,179.18,179.18,179.18
07/09/2015,177.26,177.26,177.26,177.26
07/08/2015,175.82,175.82,175.82,175.82
07/07/2015,177.75,177.75,177.75,177.75
07/06/2015,175.93,175.93,175.93,175.93
07/03/2015,176.4,176.4,176.4,176.4
07/02/2015,176.4,176.4,176.4,176.4
07/01/2015,176.58,176.58,176.58,176.58
06/30/2015,174.6,174.6,174.6,174.6
06/29/2015,174.99,174.99,174.99,174.99
06/26/2015,179.01,179.01,179.01,179.01
06/25/2015,178.57,178.57,178.57,178.57
06/24/2015,179.42,179.42,179.42,179.42
06/23/2015,181.0,181.0,181.0,181.0
06/22/2015,181.16,181.16,181.16,181.16
06/19/2015,180.43,180.43,180.43,180.43
06/18/2015,182.38,182.38,182.38,182.38
06/17/2015,179.15,179.15,179.15,179.15
06/16/2015,178.87,178.87,178.87,178.87
06/15/2015,178.32,178.32,178.32,178.32
06/12/2015,179.4,179.4,179.4,179.4
06/11/2015,180.7,180.7,180.7,180.7
06/10/2015,179.86,179.86,179.86,179.86
06/09/2015,178.2,178.2,178.2,178.2
06/08/2015,178.18,178.18,178.18,178.18
06/05/2015,179.77,179.77,179.77,179.77
06/04/2015,180.45,180.45,180.45,180.45
06/03/2015,182.64,182.64,182.64,182.64
06/02/2015,182.3,182.3,182.3,182.3
06/01/2015,182.63,182.63,182.63,182.63
05/29/2015,182.13,182.13,182.13,182.13
05/28/2015,184.26,184.26,184.26,184.26
05/27/2015,184.25,184.25,184.25,184.25
05/26/2015,182.9,182.9,182.9,182.9
05/25/2015,184.2,184.2,184.2,184.2
05/22/2015,184.2,184.2,184.2,184.2
05/21/2015,185.02,185.02,185.02,185.02
05/20/2015,185.88,185.88,185.88,185.88
05/19/2015,186.53,186.53,186.53,186.53
05/18/2015,185.68,185.68,185.68,185.68
05/15/2015,184.9,184.9,184.9,184.9
05/14/2015,185.57,185.57,185.57,185.57
05/13/2015,183.69,183.69,183.69,183.69
05/12/2015,184.26,184.26,184.26,184.26
05/11/2015,185.87,185.87,185.87,185.87
05/08/2015,188.19,188.19,188.19,188.19
05/07/2015,184.59,184.59,184.59,184.59
05/06/2015,182.82,182.82,182.82,182.82
05/05/2015,183.69,183.69,183.69,183.69
05/04/2015,185.51,185.51,185.51,185.51
05/01/2015,182.35,182.35,182.35,182.35
04/30/2015,179.82,179.82,179.82,179.82
04/29/2015,181.29,181.29,181.29,181.29
04/28/2015,181.51,181.51,181.51,181.51
04/27/2015,179.73,179.73,179.73,179.73
04/24/2015,181.04,181.04,181.04,181.04
04/23/2015,181.47,181.47,181.47,181.47
04/22/2015,180.98,180.98,180.98,180.98
04/21/2015,179.97,179.97,179.97,179.97
04/20/2015,181.14,181.14,181.14,181.14
04/17/2015,179.5,179.5,179.5,179.5
04/16/2015,181.3,181.3,181.3,181.3
04/15/2015,181.96,181.96,181.96,181.96
04/14/2015,182.01,182.01,182.01,182.01
04/13/2015,182.35,182.35,182.35,182.35
04/10/2015,182.35,182.35,182.35,182.35
04/09/2015,182.4,182.4,182.4,182.4
04/08/2015,181.89,181.89,181.89,181.89
04/07/2015,181.44,181.44,181.44,181.44
04/06/2015,182.35,182.35,182.35,182.35
04/03/2015,182.01,182.01,182.01,182.01
04/02/2015,182.01,182.01,182.01,182.01
04/01/2015,181.89,181.89,181.89,181.89
03/31/2015,182.81,182.81,182.81,182.81
03/30/2015,184.91,184.91,184.91,184.91
03/27/2015,182.3,182.3,182.3,182.3
03/26/2015,181.36,181.36,181.36,181.36
03/25/2015,181.99,181.99,181.99,181.99
03/24/2015,182.9,182.9,182.9,182.9
03/23/2015,184.44,184.44,184.44,184.44
03/20/2015,184.34,184.34,184.34,184.34
03/19/2015,183.49,183.49,183.49,183.49
03/18/2015,184.9,184.9,184.9,184.9
03/17/2015,183.44,183.44,183.44,183.44
03/16/2015,184.79,184.79,184.79,184.79
03/13/2015,182.46,182.46,182.46,182.46
03/12/2015,184.47,184.47,184.47,184.47
03/11/2015,181.75,181.75,181.75,181.75
03/10/2015,181.22,181.22,181.22,181.22
03/09/2015,184.87,184.87,184.87,184.87
03/06/2015,183.88,183.88,183.88,183.88
03/05/2015,184.75,184.75,184.75,184.75
03/04/2015,183.36,183.36,183.36,183.36
03/03/2015,184.67,184.67,184.67,184.67
03/02/2015,186.09,186.09,186.09,186.09
02/27/2015,186.28,186.28,186.28,186.28
02/26/2015,187.39,187.39,187.39,187.39
02/25/2015,187.84,187.84,187.84,187.84
02/24/2015,188.16,188.16,188.16,188.16
02/23/2015,186.28,186.28,186.28,186.28
02/20/2015,187.98,187.98,187.98,187.98
02/19/2015,186.56,186.56,186.56,186.56
02/18/2015,187.95,187.95,187.95,187.95
02/17/2015,188.49,188.49,188.49,188.49
02/16/2015,187.69,187.69,187.69,187.69
02/13/2015,187.69,187.69,187.69,187.69
02/12/2015,189.34,189.34,189.34,189.34
02/11/2015,189.08,189.08,189.08,189.08
02/10/2015,189.34,189.34,189.34,189.34
02/09/2015,188.48,188.48,188.48,188.48
02/06/2015,189.63,189.63,189.63,189.63
02/05/2015,188.99,188.99,188.99,188.99
02/04/2015,186.32,186.32,186.32,186.32
02/03/2015,187.03,187.03,187.03,187.03
02/02/2015,184.85,184.85,184.85,184.85
01/30/2015,181.45,181.45,181.45,181.45
01/29/2015,184.29,184.29,184.29,184.29
01/28/2015,182.51,182.51,182.51,182.51
01/27/2015,185.99,185.99,185.99,185.99
01/26/2015,188.28,188.28,188.28,188.28
01/23/2015,187.42,187.42,187.42,187.42
01/22/2015,188.71,188.71,188.71,188.71
01/21/2015,184.98,184.98,184.98,184.98
01/20/2015,186.55,186.55,186.55,186.55
01/19/2015,187.4,187.4,187.4,187.4
01/16/2015,187.4,187.4,187.4,187.4
01/15/2015,185.3,185.3,185.3,185.3
01/14/2015,185.51,185.51,185.51,185.51
01/13/2015,186.69,186.69,186.69,186.69
01/12/2015,186.26,186.26,186.26,186.26
01/09/2015,187.83,187.83,187.83,187.83
01/08/2015,190.23,190.23,190.23,190.23
01/07/2015,186.98,186.98,186.98,186.98
01/06/2015,184.55,184.55,184.55,184.55
01/05/2015,184.78,184.78,184.78,184.78
01/02/2015,187.43,187.43,187.43,187.43
12/31/2014,188.71,188.71,188.71,188.71
12/30/2014,191.13,191.13,191.13,191.13
12/29/2014,190.97,190.97,190.97,190.97
12/26/2014,190.15,190.15,190.15,190.15
12/25/2014,190.37,190.37,190.37,190.37
12/24/2014,190.37,190.37,190.37,190.37
12/23/2014,190.64,190.64,190.64,190.64
12/22/2014,190.59,190.59,190.59,190.59
12/19/2014,190.18,190.18,190.18,190.18
12/18/2014,191.39,191.39,191.39,191.39
12/17/2014,186.39,186.39,186.39,186.39
12/16/2014,182.58,182.58,182.58,182.58
12/15/2014,183.63,183.63,183.63,183.63
12/12/2014,184.22,184.22,184.22,184.22
12/11/2014,188.62,188.62,188.62,188.62
12/10/2014,187.28,187.28,187.28,187.28
12/09/2014,189.16,189.16,189.16,189.16
12/08/2014,191.1,191.1,191.1,191.1
12/05/2014,189.53,189.53,189.53,189.53
12/04/2014,188.81,188.81,188.81,188.81
12/03/2014,188.47,188.47,188.47,188.47
12/02/2014,188.48,188.48,188.48,188.48
12/01/2014,186.8,186.8,186.8,186.8
11/28/2014,187.23,187.23,187.23,187.23
11/27/2014,186.73,186.73,186.73,186.73
11/26/2014,186.73,186.73,186.73,186.73
11/25/2014,186.27,186.27,186.27,186.27
11/24/2014,185.68,185.68,185.68,185.68
11/21/2014,184.73,184.73,184.73,184.73
11/20/2014,183.63,183.63,183.63,183.63
11/19/2014,183.39,183.39,183.39,183.39
11/18/2014,183.55,183.55,183.55,183.55
11/17/2014,182.99,182.99,182.99,182.99
11/14/2014,183.24,183.24,183.24,183.24
11/13/2014,184.15,184.15,184.15,184.15
11/12/2014,183.26,183.26,183.26,183.26
11/11/2014,182.67,182.67,182.67,182.67
11/10/2014,182.81,182.81,182.81,182.81
11/07/2014,181.24,181.24,181.24,181.24
11/06/2014,180.86,180.86,180.86,180.86
11/05/2014,180.43,180.43,180.43,180.43
11/04/2014,179.58,179.58,179.58,179.58
11/03/2014,178.01,178.01,178.01,178.01
10/31/2014,177.31,177.31,177.31,177.31
10/30/2014,176.47,176.47,176.47,176.47
10/29/2014,176.83,176.83,176.83,176.83
10/28/2014,177.39,177.39,177.39,177.39
10/27/2014,176.22,176.22,176.22,176.22
10/24/2014,175.97,175.97,175.97,175.97
10/23/2014,174.98,174.98,174.98,174.98
10/22/2014,174.03,174.03,174.03,174.03
10/21/2014,175.4,175.4,175.4,175.4
10/20/2014,173.0,173.0,173.0,173.0
10/17/2014,172.76,172.76,172.76,172.76
10/16/2014,169.81,169.81,169.81,169.81
10/15/2014,170.99,170.99,170.99,170.99
10/14/2014,173.2,173.2,173.2,173.2
10/13/2014,171.93,171.93,171.93,171.93
10/10/2014,172.48,172.48,172.48,172.48
10/09/2014,172.91,172.91,172.91,172.91
10/08/2014,176.44,176.44,176.44,176.44
10/07/2014,172.6,172.6,172.6,172.6
10/06/2014,175.42,175.42,175.42,175.42
10/03/2014,175.98,175.98,175.98,175.98
10/02/2014,173.61,173.61,173.61,173.61
10/01/2014,172.38,172.38,172.38,172.38
09/30/2014,174.21,174.21,174.21,174.21
09/29/2014,174.46,174.46,174.46,174.46
09/26/2014,174.96,174.96,174.96,174.96
09/25/2014,172.97,172.97,172.97,172.97
09/24/2014,176.36,176.36,176.36,176.36
09/23/2014,174.85,174.85,174.85,174.85
09/22/2014,175.66,175.66,175.66,175.66
09/19/2014,177.27,177.27,177.27,177.27
09/18/2014,178.18,178.18,178.18,178.18
09/17/2014,176.23,176.23,176.23,176.23
09/16/2014,175.2,175.2,175.2,175.2
09/15/2014,174.44,174.44,174.44,174.44
09/12/2014,173.3,173.3,173.3,173.3
09/11/2014,174.26,174.26,174.26,174.26
09/10/2014,174.01,174.01,174.01,174.01
09/09/2014,173.07,173.07,173.07,173.07
09/08/2014,174.73,174.73,174.73,174.73
09/05/2014,174.5,174.5,174.5,174.5
09/04/2014,174.29,174.29,174.29,174.29
09/02/2016,193.43,193.43,193.43,193.43
09/01/2016,192.89,192.89,192.89,192.89
08/31/2016,193.08,193.08,193.08,193.08
08/30/2016,192.76,192.76,192.76,192.76
08/29/2016,191.53,191.53,191.53,191.53
08/26/2016,189.77,189.77,189.77,189.77
08/25/2016,190.63,190.63,190.63,190.63
08/24/2016,190.25,190.25,190.25,190.25
08/23/2016,190.58,190.58,190.58,190.58
08/22/2016,190.25,190.25,190.25,190.25
08/19/2016,190.53,190.53,190.53,190.53
08/18/2016,190.65,190.65,190.65,190.65
08/17/2016,190.85,190.85,190.85,190.85
08/16/2016,188.81,188.81,188.81,188.81
08/15/2016,189.54,189.54,189.54,189.54
08/12/2016,189.42,189.42,189.42,189.42
08/11/2016,189.48,189.48,189.48,189.48
08/10/2016,188.39,188.39,188.39,188.39
08/09/2016,188.99,188.99,188.99,188.99
08/08/2016,187.01,187.01,187.01,187.01
08/05/2016,187.1,187.1,187.1,187.1
08/04/2016,184.07,184.07,184.07,184.07
08/03/2016,184.67,184.67,184.67,184.67
08/02/2016,184.22,184.22,184.22,184.22
08/01/2016,184.94,184.94,184.94,184.94
07/29/2016,185.41,185.41,185.41,185.41
07/28/2016,185.45,185.45,185.45,185.45
07/27/2016,185.08,185.08,185.08,185.08
07/26/2016,185.16,185.16,185.16,185.16
07/25/2016,184.89,184.89,184.89,184.89
07/22/2016,185.46,185.46,185.46,185.46
07/21/2016,185.0,185.0,185.0,185.0
07/20/2016,187.14,187.14,187.14,187.14
07/19/2016,187.95,187.95,187.95,187.95
07/18/2016,187.54,187.54,187.54,187.54
07/15/2016,186.96,186.96,186.96,186.96
07/14/2016,186.69,186.69,186.69,186.69
07/13/2016,186.89,186.89,186.89,186.89
07/12/2016,185.42,185.42,185.42,185.42
07/11/2016,184.53,184.53,184.53,184.53
07/08/2016,184.16,184.16,184.16,184.16
07/07/2016,181.98,181.98,181.98,181.98
07/06/2016,182.74,182.74,182.74,182.74
07/05/2016,182.36,182.36,182.36,182.36
07/04/2016,184.61,184.61,184.61,184.61
07/01/2016,184.61,184.61,184.61,184.61
06/30/2016,185.71,185.71,185.71,185.71
06/29/2016,182.06,182.06,182.06,182.06
06/28/2016,179.69,179.69,179.69,179.69
06/27/2016,177.24,177.24,177.24,177.24
06/24/2016,179.04,179.04,179.04,179.04
06/23/2016,186.88,186.88,186.88,186.88
06/22/2016,184.25,184.25,184.25,184.25
06/21/2016,183.75,183.75,183.75,183.75
06/20/2016,181.5,181.5,181.5,181.5
06/17/2016,180.38,180.38,180.38,180.38
06/16/2016,181.75,181.75,181.75,181.75
06/15/2016,179.88,179.88,179.88,179.88
06/14/2016,180.99,180.99,180.99,180.99
06/13/2016,180.74,180.74,180.74,180.74
06/10/2016,182.04,182.04,182.04,182.04
06/09/2016,182.77,182.77,182.77,182.77
06/08/2016,183.13,183.13,183.13,183.13
06/07/2016,181.66,181.66,181.66,181.66
06/06/2016,182.24,182.24,182.24,182.24
06/03/2016,181.44,181.44,181.44,181.44
06/02/2016,182.66,182.66,182.66,182.66
06/01/2016,182.54,182.54,182.54,182.54
05/31/2016,180.83,180.83,180.83,180.83
05/30/2016,183.98,183.98,183.98,183.98
05/27/2016,183.98,183.98,183.98,183.98
05/26/2016,183.54,183.54,183.54,183.54
05/25/2016,184.78,184.78,184.78,184.78
05/24/2016,184.36,184.36,184.36,184.36
05/23/2016,181.53,181.53,181.53,181.53
05/20/2016,182.05,182.05,182.05,182.05
05/19/2016,180.74,180.74,180.74,180.74
05/18/2016,181.68,181.68,181.68,181.68
05/17/2016,180.22,180.22,180.22,180.22
05/16/2016,182.15,182.15,182.15,182.15
05/13/2016,181.59,181.59,181.59,181.59
05/12/2016,183.8,183.8,183.8,183.8
05/11/2016,183.19,183.19,183.19,183.19
05/10/2016,185.49,185.49,185.49,185.49
05/09/2016,183.17,183.17,183.17,183.17
05/06/2016,185.11,185.11,185.11,185.11
05/05/2016,184.32,184.32,184.32,184.32
05/04/2016,184.7,184.7,184.7,184.7
05/03/2016,185.44,185.44,185.44,185.44
05/02/2016,187.84,187.84,187.84,187.84
04/29/2016,186.07,186.07,186.07,186.07
04/28/2016,186.66,186.66,186.66,186.66
04/27/2016,188.51,188.51,188.51,188.51
04/26/2016,188.02,188.02,188.02,188.02
04/25/2016,187.32,187.32,187.32,187.32
04/22/2016,187.21,187.21,187.21,187.21
04/21/2016,185.6,185.6,185.6,185.6
04/20/2016,187.47,187.47,187.47,187.47
04/19/2016,187.28,187.28,187.28,187.28
04/18/2016,185.45,185.45,185.45,185.45
04/15/2016,184.37,184.37,184.37,184.37
04/14/2016,184.61,184.61,184.61,184.61
04/13/2016,185.06,185.06,185.06,185.06
04/12/2016,183.03,183.03,183.03,183.03
04/11/2016,181.14,181.14,181.14,181.14
04/08/2016,181.28,181.28,181.28,181.28
04/07/2016,180.99,180.99,180.99,180.99
04/06/2016,182.16,182.16,182.16,182.16
04/05/2016,181.63,181.63,181.63,181.63
04/04/2016,184.17,184.17,184.17,184.17
04/01/2016,185.01,185.01,185.01,185.01
03/31/2016,182.68,182.68,182.68,182.68
03/30/2016,183.38,183.38,183.38,183.38
03/29/2016,182.63,182.63,182.63,182.63
03/28/2016,181.82,181.82,181.82,181.82
03/25/2016,180.16,180.16,180.16,180.16
03/24/2016,180.16,180.16,180.16,180.16
03/23/2016,181.39,181.39,181.39,181.39
03/22/2016,182.78,182.78,182.78,182.78
03/21/2016,182.69,182.69,182.69,182.69
03/18/2016,182.61,182.61,182.61,182.61
03/17/2016,182.96,182.96,182.96,182.96
03/16/2016,179.89,179.89,179.89,179.89
03/15/2016,180.45,180.45,180.45,180.45
03/14/2016,179.76,179.76,179.76,179.76
03/11/2016,180.89,180.89,180.89,180.89
03/10/2016,178.31,178.31,178.31,178.31
03/09/2016,178.87,178.87,178.87,178.87
03/08/2016,177.22,177.22,177.22,177.22
03/07/2016,178.46,178.46,178.46,178.46
03/04/2016,177.63,177.63,177.63,177.63
03/03/2016,176.28,176.28,176.28,176.28
03/02/2016,176.17,176.17,176.17,176.17
03/01/2016,176.36,176.36,176.36,176.36
02/29/2016,172.82,172.82,172.82,172.82
02/26/2016,170.43,170.43,170.43,170.43
02/25/2016,170.98,170.98,170.98,170.98
02/24/2016,169.35,169.35,169.35,169.35
02/23/2016,168.95,168.95,168.95,168.95
02/22/2016,170.49,170.49,170.49,170.49
02/19/2016,169.41,169.41,169.41,169.41
02/18/2016,169.07,169.07,169.07,169.07
02/17/2016,168.27,168.27,168.27,168.27
02/16/2016,166.24,166.24,166.24,166.24
02/15/2016,165.67,165.67,165.67,165.67
02/12/2016,165.67,165.67,165.67,165.67
02/11/2016,161.9,161.9,161.9,161.9
02/10/2016,163.84,163.84,163.84,163.84
02/09/2016,165.18,165.18,165.18,165.18
02/08/2016,164.03,164.03,164.03,164.03
02/05/2016,163.48,163.48,163.48,163.48
02/04/2016,164.75,164.75,164.75,164.75
02/03/2016,163.36,163.36,163.36,163.36
02/02/2016,162.68,162.68,162.68,162.68
02/01/2016,166.31,166.31,166.31,166.31
01/29/2016,167.45,167.45,167.45,167.45
01/28/2016,162.89,162.89,162.89,162.89
01/27/2016,161.74,161.74,161.74,161.74
01/26/2016,162.62,162.62,162.62,162.62
01/25/2016,160.36,160.36,160.36,160.36
01/22/2016,163.85,163.85,163.85,163.85
01/21/2016,161.99,161.99,161.99,161.99
01/20/2016,161.1,161.1,161.1,161.1
01/19/2016,164.64,164.64,164.64,164.64
01/18/2016,162.92,162.92,162.92,162.92
01/15/2016,162.92,162.92,162.92,162.92
01/14/2016,165.27,165.27,165.27,165.27
01/13/2016,163.05,163.05,163.05,163.05
01/12/2016,166.2,166.2,166.2,166.2
01/11/2016,165.67,165.67,165.67,165.67
01/08/2016,165.56,165.56,165.56,165.56
01/07/2016,167.05,167.05,167.05,167.05
01/06/2016,169.38,169.38,169.38,169.38
01/05/2016,169.35,169.35,169.35,169.35
01/04/2016,168.72,168.72,168.72,168.72
12/31/2015,170.41,170.41,170.41,170.41
12/30/2015,172.05,172.05,172.05,172.05
12/29/2015,173.15,173.15,173.15,173.15
12/28/2015,171.83,171.83,171.83,171.83
12/25/2015,172.67,172.67,172.67,172.67
12/24/2015,172.67,172.67,172.67,172.67
12/23/2015,172.91,172.91,172.91,172.91
12/22/2015,171.65,171.65,171.65,171.65
12/21/2015,169.28,169.28,169.28,169.28
12/18/2015,167.21,167.21,167.21,167.21
12/17/2015,172.47,172.47,172.47,172.47
12/16/2015,174.69,174.69,174.69,174.69
12/15/2015,173.58,173.58,173.58,173.58
12/14/2015,170.26,170.26,170.26,170.26
12/11/2015,168.35,168.35,168.35,168.35
12/10/2015,170.14,170.14,170.14,170.14
12/09/2015,170.25,170.25,170.25,170.25
12/08/2015,172.38,172.38,172.38,172.38
12/07/2015,175.06,175.06,175.06,175.06
12/04/2015,176.09,176.09,176.09,176.09
12/03/2015,171.45,171.45,171.45,171.45
12/02/2015,174.52,174.52,174.52,174.52
12/01/2015,176.0,176.0,176.0,176.0
11/30/2015,173.11,173.11,173.11,173.11
11/27/2015,173.78,173.78,173.78,173.78
11/26/2015,174.24,174.24,174.24,174.24
11/25/2015,174.24,174.24,174.24,174.24
11/24/2015,174.71,174.71,174.71,174.71
11/23/2015,175.21,175.21,175.21,175.21
11/20/2015,175.93,175.93,175.93,175.93
11/19/2015,175.85,175.85,175.85,175.85
11/18/2015,175.32,175.32,175.32,175.32
11/17/2015,171.5,171.5,171.5,171.5
11/16/2015,171.82,171.82,171.82,171.82
11/13/2015,170.18,170.18,170.18,170.18
11/12/2015,171.22,171.22,171.22,171.22
11/11/2015,173.96,173.96,173.96,173.96
11/10/2015,173.66,173.66,173.66,173.66
11/09/2015,172.78,172.78,172.78,172.78
11/06/2015,175.46,175.46,175.46,175.46
11/05/2015,175.62,175.62,175.62,175.62
11/04/2015,176.5,176.5,176.5,176.5
11/03/2015,177.14,177.14,177.14,177.14
11/02/2015,177.53,177.53,177.53,177.53
10/30/2015,174.7,174.7,174.7,174.7
10/29/2015,177.3,177.3,177.3,177.3
10/28/2015,177.59,177.59,177.59,177.59
10/27/2015,174.52,174.52,174.52,174.52
10/26/2015,176.17,176.17,176.17,176.17
10/23/2015,177.01,177.01,177.01,177.01
10/22/2015,176.46,176.46,176.46,176.46
10/21/2015,171.7,171.7,171.7,171.7
10/20/2015,172.88,172.88,172.88,172.88
10/19/2015,172.06,172.06,172.06,172.06
10/16/2015,172.31,172.31,172.31,172.31
10/15/2015,172.2,172.2,172.2,172.2
10/14/2015,169.09,169.09,169.09,169.09
10/13/2015,170.29,170.29,170.29,170.29
10/12/2015,171.77,171.77,171.77,171.77
10/09/2015,171.29,171.29,171.29,171.29
10/08/2015,172.16,172.16,172.16,172.16
10/07/2015,170.81,170.81,170.81,170.81
10/06/2015,169.01,169.01,169.01,169.01
10/05/2015,170.45,170.45,170.45,170.45
10/02/2015,167.41,167.41,167.41,167.41
10/01/2015,167.37,167.37,167.37,167.37
09/30/2015,168.05,168.05,168.05,168.05
09/29/2015,166.16,166.16,166.16,166.16
09/28/2015,165.86,165.86,165.86,165.86
09/25/2015,167.25,167.25,167.25,167.25
09/24/2015,166.25,166.25,166.25,166.25
09/23/2015,166.58,166.58,166.58,166.58
09/22/2015,166.7,166.7,166.7,166.7
09/21/2015,168.77,168.77,168.77,168.77
09/18/2015,166.42,166.42,166.42,166.42
09/17/2015,169.36,169.36,169.36,169.36
09/16/2015,170.72,170.72,170.72,170.72
09/15/2015,170.29,170.29,170.29,170.29
09/14/2015,168.68,168.68,168.68,168.68
09/11/2015,169.24,169.24,169.24,169.24
09/10/2015,168.33,168.33,168.33,168.33
09/09/2015,168.14,168.14,168.14,168.14
09/08/2015,170.88,170.88,170.88,170.88
09/07/2015,166.9,166.9,166.9,166.9
09/04/2015,166.9,166.9,166.9,166.9
